filename,width,height,class,xmin,ymin,xmax,ymax
000.jpg,320,320,person,20,213,52,248
000.jpg,320,320,person,0,40,30,87
000.jpg,320,320,person,139,0,158,50
000.jpg,320,320,person,118,257,147,295
000.jpg,320,320,person,149,229,175,260
002.jpg,320,320,person,107,202,124,230
002.jpg,320,320,person,74,134,88,151
002.jpg,320,320,person,75,116,91,131
002.jpg,320,320,person,126,80,137,104
002.jpg,320,320,person,148,11,161,41
002.jpg,320,320,person,184,149,193,177
002.jpg,320,320,person,166,160,181,181
002.jpg,320,320,person,199,220,216,247
002.jpg,320,320,person,104,289,118,308
002.jpg,320,320,person,101,309,118,320
001.jpg,320,320,person,172,28,184,50
001.jpg,320,320,person,230,186,246,221
001.jpg,320,320,person,143,202,159,228
001.jpg,320,320,person,51,182,80,219
001.jpg,320,320,person,116,257,134,283
001.jpg,320,320,person,131,273,149,304
003.jpg,320,320,person,58,35,86,102
003.jpg,320,320,person,100,121,136,172
004.jpg,320,320,person,112,140,125,162
004.jpg,320,320,person,106,23,118,47
005.jpg,320,320,person,197,77,206,104
005.jpg,320,320,person,184,170,195,187
005.jpg,320,320,person,189,164,200,181
005.jpg,320,320,person,140,90,151,109
005.jpg,320,320,person,136,106,149,124
006.jpg,320,320,person,6,46,77,110
014.jpg,320,320,person,57,154,75,188
014.jpg,320,320,person,143,148,166,178
014.jpg,320,320,person,175,287,194,320
015.jpg,320,320,person,89,3,104,35
015.jpg,320,320,person,21,275,44,318
018.jpg,320,320,person,196,266,212,307
019.jpg,320,320,person,133,59,160,118
019.jpg,320,320,person,89,0,130,51
021.jpg,320,320,person,212,0,252,39
022.jpg,320,320,person,166,191,184,219
022.jpg,320,320,person,118,1,137,23
022.jpg,320,320,person,124,38,135,55
022.jpg,320,320,person,140,32,153,52
022.jpg,320,320,person,37,122,57,144
022.jpg,320,320,person,20,121,40,140
022.jpg,320,320,person,11,79,34,101
022.jpg,320,320,person,6,91,26,110
026.jpg,320,320,person,132,1,148,37
026.jpg,320,320,person,147,24,164,63
026.jpg,320,320,person,169,78,191,112
026.jpg,320,320,person,174,6,193,40
026.jpg,320,320,person,110,196,131,225
028.jpg,320,320,person,201,136,273,224
028.jpg,320,320,person,222,4,305,117
031.jpg,320,320,person,81,114,118,153
031.jpg,320,320,person,110,96,136,140
031.jpg,320,320,person,184,0,214,46
031.jpg,320,320,person,288,207,320,262
038.jpg,320,320,person,164,199,173,224
038.jpg,320,320,person,106,297,129,320
040.jpg,320,320,person,154,126,162,148
040.jpg,320,320,person,102,102,119,118
040.jpg,320,320,person,80,69,91,82
040.jpg,320,320,person,76,85,89,97
035.jpg,320,320,person,197,66,232,113
042.jpg,320,320,person,208,123,320,224
042.jpg,320,320,person,0,159,45,211
045.jpg,320,320,person,56,80,98,113
045.jpg,320,320,person,128,205,154,238
045.jpg,320,320,person,143,232,164,272
045.jpg,320,320,person,204,0,224,32
045.jpg,320,320,person,11,171,53,199
044.jpg,320,320,person,97,60,109,79
044.jpg,320,320,person,100,56,107,66
044.jpg,320,320,person,106,51,116,67
044.jpg,320,320,person,94,160,104,180
044.jpg,320,320,person,165,200,175,216
044.jpg,320,320,person,165,214,174,233
044.jpg,320,320,person,175,211,186,232
044.jpg,320,320,person,175,194,187,213
044.jpg,320,320,person,93,229,107,245
043.jpg,320,320,person,114,69,129,116
043.jpg,320,320,person,104,68,118,110
043.jpg,320,320,person,56,89,68,114
043.jpg,320,320,person,94,96,107,111
043.jpg,320,320,person,45,62,63,86
043.jpg,320,320,person,58,63,77,84
043.jpg,320,320,person,94,75,108,97
049.jpg,320,320,person,94,19,112,44
049.jpg,320,320,person,110,101,131,127
049.jpg,320,320,person,107,157,124,180
049.jpg,320,320,person,160,200,172,221
049.jpg,320,320,person,171,203,181,219
049.jpg,320,320,person,191,191,202,212
049.jpg,320,320,person,201,204,213,220
049.jpg,320,320,person,261,98,278,123
049.jpg,320,320,person,266,130,280,150
049.jpg,320,320,person,283,134,304,157
047.jpg,320,320,person,171,84,213,131
047.jpg,320,320,person,179,28,203,74
047.jpg,320,320,person,169,0,193,44
047.jpg,320,320,person,125,0,151,40
052.jpg,320,320,person,112,230,143,252
052.jpg,320,320,person,152,85,171,112
052.jpg,320,320,person,134,60,152,93
052.jpg,320,320,person,90,26,112,56
051.jpg,320,320,person,141,166,157,197
051.jpg,320,320,person,217,88,239,131
051.jpg,320,320,person,82,142,100,164
051.jpg,320,320,person,91,160,111,186
051.jpg,320,320,person,119,153,136,176
051.jpg,320,320,person,132,201,152,224
055.jpg,320,320,person,108,150,125,180
055.jpg,320,320,person,99,60,115,80
055.jpg,320,320,person,145,81,160,104
055.jpg,320,320,person,187,60,200,78
055.jpg,320,320,person,191,72,204,94
055.jpg,320,320,person,179,118,196,141
055.jpg,320,320,person,132,273,147,300
057.jpg,320,320,person,116,27,168,94
057.jpg,320,320,person,190,221,238,310
057.jpg,320,320,person,227,258,279,319
057.jpg,320,320,person,172,267,213,320
060.jpg,320,320,person,18,181,68,246
060.jpg,320,320,person,236,145,277,189
060.jpg,320,320,person,188,10,211,57
060.jpg,320,320,person,202,0,228,40
059.jpg,320,320,person,137,60,157,94
059.jpg,320,320,person,152,84,173,120
059.jpg,320,320,person,79,30,104,67
059.jpg,320,320,person,110,236,143,262
063.jpg,320,320,person,240,248,263,277
063.jpg,320,320,person,242,192,269,216
062.jpg,320,320,person,180,49,217,118
062.jpg,320,320,person,218,287,253,320
068.jpg,320,320,person,169,192,186,232
068.jpg,320,320,person,155,203,172,234
068.jpg,320,320,person,168,171,188,192
068.jpg,320,320,person,198,176,213,202
068.jpg,320,320,person,38,93,63,118
065.jpg,320,320,person,233,264,245,282
065.jpg,320,320,person,244,220,255,230
065.jpg,320,320,person,266,203,278,220
065.jpg,320,320,person,288,239,299,255
065.jpg,320,320,person,272,273,291,296
073.jpg,320,320,person,218,274,234,307
071.jpg,320,320,person,108,82,126,99
071.jpg,320,320,person,121,126,133,146
071.jpg,320,320,person,154,144,162,155
071.jpg,320,320,person,158,151,168,166
071.jpg,320,320,person,179,135,186,148
071.jpg,320,320,person,226,88,236,102
071.jpg,320,320,person,228,72,240,90
071.jpg,320,320,person,241,93,254,108
071.jpg,320,320,person,228,194,238,212
071.jpg,320,320,person,244,252,258,272
071.jpg,320,320,person,257,273,269,301
070.jpg,320,320,person,249,87,273,126
070.jpg,320,320,person,172,109,199,142
070.jpg,320,320,person,11,60,52,116
070.jpg,320,320,person,0,90,38,133
074.jpg,320,320,person,136,187,203,286
078.jpg,320,320,person,238,206,264,247
077.jpg,320,320,person,124,155,133,170
077.jpg,320,320,person,134,147,147,159
079.jpg,320,320,person,110,179,129,204
079.jpg,320,320,person,139,194,154,219
079.jpg,320,320,person,158,203,171,230
079.jpg,320,320,person,167,253,195,296
080.jpg,320,320,person,78,201,113,253
080.jpg,320,320,person,131,73,160,130
086.jpg,320,320,person,60,233,84,261
086.jpg,320,320,person,56,211,85,243
088.jpg,320,320,person,39,234,73,260
092.jpg,320,320,person,56,2,76,26
092.jpg,320,320,person,68,47,85,74
092.jpg,320,320,person,108,82,120,97
092.jpg,320,320,person,106,91,120,113
092.jpg,320,320,person,128,105,144,129
092.jpg,320,320,person,129,76,143,96
092.jpg,320,320,person,194,36,206,57
092.jpg,320,320,person,204,30,215,51
092.jpg,320,320,person,187,4,200,28
092.jpg,320,320,person,222,163,236,185
092.jpg,320,320,person,209,220,224,237
092.jpg,320,320,person,206,225,217,245
092.jpg,320,320,person,109,275,125,300
098.jpg,320,320,person,117,5,139,48
098.jpg,320,320,person,55,107,83,158
098.jpg,320,320,person,216,79,249,118
098.jpg,320,320,person,245,225,290,265
095.jpg,320,320,person,125,257,147,300
095.jpg,320,320,person,258,160,282,207
095.jpg,320,320,person,256,31,289,82
100.jpg,320,320,person,67,80,90,110
100.jpg,320,320,person,129,97,149,130
100.jpg,320,320,person,199,281,219,320
099.jpg,320,320,person,140,230,220,318
099.jpg,320,320,person,0,0,62,87
102.jpg,320,320,person,180,20,223,104
102.jpg,320,320,person,85,237,135,320
102.jpg,320,320,person,137,0,173,65
106.jpg,320,320,person,162,90,180,123
106.jpg,320,320,person,199,100,217,126
106.jpg,320,320,person,215,118,233,147
106.jpg,320,320,person,232,137,251,166
106.jpg,320,320,person,189,242,211,268
106.jpg,320,320,person,139,220,169,245
106.jpg,320,320,person,60,210,83,226
103.jpg,320,320,person,109,73,119,90
103.jpg,320,320,person,165,70,180,93
103.jpg,320,320,person,142,110,152,127
103.jpg,320,320,person,137,177,150,190
103.jpg,320,320,person,196,213,214,239
103.jpg,320,320,person,93,99,104,115
103.jpg,320,320,person,83,95,91,110
104.jpg,320,320,person,239,57,275,108
104.jpg,320,320,person,267,199,317,261
104.jpg,320,320,person,283,267,320,320
109.jpg,320,320,person,167,190,192,230
109.jpg,320,320,person,175,24,194,75
109.jpg,320,320,person,159,0,181,31
109.jpg,320,320,person,65,0,95,38
109.jpg,320,320,person,24,195,50,226
109.jpg,320,320,person,29,214,55,235
109.jpg,320,320,person,1,135,37,159
107.jpg,320,320,person,14,4,44,34
107.jpg,320,320,person,45,9,70,42
107.jpg,320,320,person,34,47,57,76
107.jpg,320,320,person,82,53,107,89
107.jpg,320,320,person,87,33,106,59
107.jpg,320,320,person,113,15,130,43
107.jpg,320,320,person,116,45,137,70
107.jpg,320,320,person,128,67,144,102
107.jpg,320,320,person,118,64,132,83
110.jpg,320,320,person,215,62,254,112
113.jpg,320,320,person,106,269,135,298
112.jpg,320,320,person,188,130,227,213
112.jpg,320,320,person,105,137,149,179
118.jpg,320,320,person,115,178,136,206
118.jpg,320,320,person,115,162,137,191
118.jpg,320,320,person,169,236,190,269
118.jpg,320,320,person,152,246,176,293
116.jpg,320,320,person,93,77,125,117
117.jpg,320,320,person,244,49,294,102
117.jpg,320,320,person,245,89,296,164
120.jpg,320,320,person,281,131,317,264
119.jpg,320,320,person,158,180,174,203
119.jpg,320,320,person,263,144,285,166
119.jpg,320,320,person,293,212,312,250
122.jpg,320,320,person,155,109,184,184
122.jpg,320,320,person,266,179,319,233
121.jpg,320,320,person,136,10,151,40
121.jpg,320,320,person,159,13,172,46
121.jpg,320,320,person,152,29,165,70
121.jpg,320,320,person,240,171,262,208
121.jpg,320,320,person,241,198,266,223
123.jpg,320,320,person,32,80,79,132
123.jpg,320,320,person,53,57,89,98
123.jpg,320,320,person,145,26,185,65
123.jpg,320,320,person,167,71,209,114
123.jpg,320,320,person,249,4,276,67
123.jpg,320,320,person,213,0,250,72
124.jpg,320,320,person,17,3,60,85
124.jpg,320,320,person,201,91,249,164
124.jpg,320,320,person,156,0,203,53
124.jpg,320,320,person,259,204,303,238
124.jpg,320,320,person,143,204,191,282
126.jpg,320,320,person,155,28,180,64
126.jpg,320,320,person,253,272,278,317
126.jpg,320,320,person,210,266,230,292
128.jpg,320,320,person,120,18,127,42
128.jpg,320,320,person,81,0,97,21
130.jpg,320,320,person,265,87,299,220
130.jpg,320,320,person,0,219,31,299
133.jpg,320,320,person,130,165,152,190
133.jpg,320,320,person,177,170,202,199
133.jpg,320,320,person,215,228,232,253
136.jpg,320,320,person,35,213,74,264
136.jpg,320,320,person,37,172,105,258
136.jpg,320,320,person,212,230,257,283
136.jpg,320,320,person,245,191,285,244
136.jpg,320,320,person,277,206,309,257
136.jpg,320,320,person,275,123,320,184
135.jpg,320,320,person,141,105,170,140
135.jpg,320,320,person,187,120,220,169
135.jpg,320,320,person,233,76,280,128
135.jpg,320,320,person,275,108,309,161
138.jpg,320,320,person,172,92,193,122
138.jpg,320,320,person,167,109,188,151
138.jpg,320,320,person,29,205,71,232
139.jpg,320,320,person,134,47,156,92
139.jpg,320,320,person,195,140,210,172
139.jpg,320,320,person,208,198,229,228
141.jpg,320,320,person,216,155,237,195
141.jpg,320,320,person,94,37,123,71
141.jpg,320,320,person,267,201,293,251
141.jpg,320,320,person,0,36,37,73
141.jpg,320,320,person,37,196,68,228
141.jpg,320,320,person,20,221,55,257
141.jpg,320,320,person,70,238,93,268
141.jpg,320,320,person,81,248,109,273
140.jpg,320,320,person,139,236,156,263
140.jpg,320,320,person,152,236,167,253
140.jpg,320,320,person,199,210,222,236
140.jpg,320,320,person,254,210,277,232
145.jpg,320,320,person,139,47,158,92
145.jpg,320,320,person,163,234,178,273
145.jpg,320,320,person,174,226,187,260
147.jpg,320,320,person,33,221,51,242
147.jpg,320,320,person,102,169,116,191
147.jpg,320,320,person,122,156,135,180
147.jpg,320,320,person,132,170,149,191
146.jpg,320,320,person,192,211,215,250
146.jpg,320,320,person,222,176,248,211
146.jpg,320,320,person,294,204,320,244
149.jpg,320,320,person,90,112,109,137
149.jpg,320,320,person,157,47,165,70
149.jpg,320,320,person,158,66,169,90
149.jpg,320,320,person,140,198,151,223
149.jpg,320,320,person,126,211,135,230
149.jpg,320,320,person,134,210,142,232
149.jpg,320,320,person,84,24,101,53
148.jpg,320,320,person,173,27,190,60
148.jpg,320,320,person,95,34,123,91
148.jpg,320,320,person,203,68,222,117
148.jpg,320,320,person,197,175,217,205
148.jpg,320,320,person,124,190,155,243
153.jpg,320,320,person,125,186,136,202
153.jpg,320,320,person,267,118,319,193
153.jpg,320,320,person,133,255,179,320
150.jpg,320,320,person,255,90,271,127
154.jpg,320,320,person,6,146,85,235
155.jpg,320,320,person,66,58,92,91
155.jpg,320,320,person,126,155,154,193
157.jpg,320,320,person,10,22,52,78
157.jpg,320,320,person,166,70,188,121
157.jpg,320,320,person,190,195,219,236
157.jpg,320,320,person,170,206,194,247
157.jpg,320,320,person,193,232,216,280
157.jpg,320,320,person,224,201,257,248
156.jpg,320,320,person,248,113,291,176
156.jpg,320,320,person,41,237,86,297
158.jpg,320,320,person,103,100,135,142
158.jpg,320,320,person,121,75,151,120
158.jpg,320,320,person,203,169,222,210
158.jpg,320,320,person,160,242,190,277
158.jpg,320,320,person,235,0,280,57
158.jpg,320,320,person,285,215,320,251
158.jpg,320,320,person,285,236,320,277
158.jpg,320,320,person,252,267,283,309
159.jpg,320,320,person,59,194,93,228
160.jpg,320,320,person,111,139,163,186
160.jpg,320,320,person,276,61,310,109
160.jpg,320,320,person,155,265,181,320
161.jpg,320,320,person,201,290,232,320
162.jpg,320,320,person,98,165,152,272
163.jpg,320,320,person,98,137,122,170
163.jpg,320,320,person,101,117,129,150
163.jpg,320,320,person,90,73,123,116
163.jpg,320,320,person,33,231,63,258
163.jpg,320,320,person,46,250,77,289
165.jpg,320,320,person,82,120,118,146
165.jpg,320,320,person,83,83,106,108
165.jpg,320,320,person,60,88,79,108
165.jpg,320,320,person,55,103,79,122
165.jpg,320,320,person,28,68,52,90
165.jpg,320,320,person,148,9,168,30
165.jpg,320,320,person,153,44,170,67
165.jpg,320,320,person,167,38,180,65
165.jpg,320,320,person,155,248,182,282
164.jpg,320,320,person,183,93,217,144
164.jpg,320,320,person,213,171,234,221
164.jpg,320,320,person,198,225,220,268
167.jpg,320,320,person,164,117,197,168
166.jpg,320,320,person,225,105,320,198
166.jpg,320,320,person,250,14,320,107
171.jpg,320,320,person,144,95,152,120
171.jpg,320,320,person,149,76,160,109
171.jpg,320,320,person,157,142,174,168
171.jpg,320,320,person,267,232,284,257
173.jpg,320,320,person,147,40,163,60
173.jpg,320,320,person,157,27,175,58
173.jpg,320,320,person,247,208,265,248
173.jpg,320,320,person,240,112,272,147
173.jpg,320,320,person,213,122,239,162
173.jpg,320,320,person,241,75,261,110
172.jpg,320,320,person,149,110,167,143
172.jpg,320,320,person,184,135,196,159
172.jpg,320,320,person,190,144,200,170
172.jpg,320,320,person,191,190,212,236
172.jpg,320,320,person,106,233,119,256
172.jpg,320,320,person,121,221,133,253
172.jpg,320,320,person,53,268,67,288
172.jpg,320,320,person,60,283,77,310
172.jpg,320,320,person,107,263,118,282
172.jpg,320,320,person,111,268,122,286
176.jpg,320,320,person,152,131,164,149
176.jpg,320,320,person,162,140,177,168
176.jpg,320,320,person,67,194,86,216
175.jpg,320,320,person,117,203,157,260
175.jpg,320,320,person,163,205,201,250
175.jpg,320,320,person,183,245,220,292
177.jpg,320,320,person,166,178,195,233
181.jpg,320,320,person,168,44,203,115
180.jpg,320,320,person,38,140,77,179
180.jpg,320,320,person,188,66,222,122
179.jpg,320,320,person,31,157,60,194
179.jpg,320,320,person,52,85,69,116
179.jpg,320,320,person,79,65,99,92
179.jpg,320,320,person,116,102,133,130
179.jpg,320,320,person,134,127,156,154
185.jpg,320,320,person,73,4,103,38
185.jpg,320,320,person,101,263,136,296
188.jpg,320,320,person,85,102,131,157
188.jpg,320,320,person,159,120,199,179
188.jpg,320,320,person,137,178,186,248
190.jpg,320,320,person,32,76,49,102
190.jpg,320,320,person,0,147,21,170
186.jpg,320,320,person,238,193,271,256
186.jpg,320,320,person,245,242,275,314
192.jpg,320,320,person,154,154,185,193
192.jpg,320,320,person,225,185,264,235
193.jpg,320,320,person,6,162,85,210
194.jpg,320,320,person,9,72,47,108
194.jpg,320,320,person,118,201,141,255
194.jpg,320,320,person,188,227,213,258
194.jpg,320,320,person,195,256,218,282
200.jpg,320,320,person,55,98,186,186
199.jpg,320,320,person,217,100,275,193
199.jpg,320,320,person,102,243,154,312
198.jpg,320,320,person,105,66,137,127
202.jpg,320,320,person,165,233,188,264
202.jpg,320,320,person,196,281,212,316
202.jpg,320,320,person,185,181,202,199
202.jpg,320,320,person,183,195,201,215
202.jpg,320,320,person,229,176,249,198
202.jpg,320,320,person,262,240,272,265
202.jpg,320,320,person,258,245,267,273
202.jpg,320,320,person,256,274,265,298
202.jpg,320,320,person,249,263,260,280
202.jpg,320,320,person,301,210,317,236
204.jpg,320,320,person,128,95,173,158
207.jpg,320,320,person,232,104,240,122
207.jpg,320,320,person,241,95,257,120
207.jpg,320,320,person,247,132,259,159
207.jpg,320,320,person,172,168,193,198
207.jpg,320,320,person,191,111,203,132
206.jpg,320,320,person,187,27,201,50
206.jpg,320,320,person,238,97,266,135
206.jpg,320,320,person,96,223,129,264
206.jpg,320,320,person,18,264,61,293
209.jpg,320,320,person,84,133,109,168
209.jpg,320,320,person,192,213,203,241
209.jpg,320,320,person,202,222,218,244
213.jpg,320,320,person,0,85,67,171
213.jpg,320,320,person,0,122,45,191
213.jpg,320,320,person,195,122,237,179
213.jpg,320,320,person,213,176,257,242
213.jpg,320,320,person,241,60,274,127
213.jpg,320,320,person,262,100,317,160
215.jpg,320,320,person,79,12,122,60
214.jpg,320,320,person,147,84,154,111
214.jpg,320,320,person,235,43,252,78
214.jpg,320,320,person,296,254,313,282
214.jpg,320,320,person,278,172,296,210
214.jpg,320,320,person,25,293,60,320
217.jpg,320,320,person,116,65,128,87
217.jpg,320,320,person,27,170,47,189
217.jpg,320,320,person,71,213,88,235
217.jpg,320,320,person,83,238,97,260
216.jpg,320,320,person,140,44,152,61
216.jpg,320,320,person,142,59,153,85
216.jpg,320,320,person,169,142,187,168
216.jpg,320,320,person,149,260,162,300
216.jpg,320,320,person,275,203,297,247
219.jpg,320,320,person,194,0,241,61
219.jpg,320,320,person,105,56,172,138
219.jpg,320,320,person,257,37,320,120
219.jpg,320,320,person,242,162,320,249
221.jpg,320,320,person,133,240,154,292
220.jpg,320,320,person,117,214,144,255
220.jpg,320,320,person,250,127,283,179
223.jpg,320,320,person,119,122,135,145
223.jpg,320,320,person,147,161,162,186
223.jpg,320,320,person,132,216,147,238
222.jpg,320,320,person,93,144,143,217
225.jpg,320,320,person,146,29,192,104
225.jpg,320,320,person,241,163,296,206
226.jpg,320,320,person,163,110,173,141
226.jpg,320,320,person,151,278,167,314
226.jpg,320,320,person,123,83,137,126
226.jpg,320,320,person,180,117,207,156
226.jpg,320,320,person,201,181,234,229
226.jpg,320,320,person,234,265,277,312
229.jpg,320,320,person,203,267,263,303
229.jpg,320,320,person,43,243,96,297
229.jpg,320,320,person,242,185,283,240
229.jpg,320,320,person,265,165,308,219
229.jpg,320,320,person,0,57,50,112
229.jpg,320,320,person,0,0,60,57
228.jpg,320,320,person,83,220,93,235
228.jpg,320,320,person,80,232,93,255
228.jpg,320,320,person,249,10,260,31
228.jpg,320,320,person,254,30,262,52
228.jpg,320,320,person,261,11,272,26
228.jpg,320,320,person,259,26,269,47
228.jpg,320,320,person,234,172,248,194
228.jpg,320,320,person,204,24,216,48
228.jpg,320,320,person,191,22,207,50
230.jpg,320,320,person,127,37,147,73
230.jpg,320,320,person,132,70,147,104
230.jpg,320,320,person,143,87,162,125
230.jpg,320,320,person,112,206,140,235
232.jpg,320,320,person,95,138,138,183
232.jpg,320,320,person,51,128,99,180
233.jpg,320,320,person,133,40,165,102
235.jpg,320,320,person,133,190,172,277
235.jpg,320,320,person,285,50,313,117
235.jpg,320,320,person,242,0,272,55
238.jpg,320,320,person,263,256,289,307
237.jpg,320,320,person,56,62,98,142
237.jpg,320,320,person,284,159,320,220
236.jpg,320,320,person,131,130,148,151
240.jpg,320,320,person,235,280,264,320
239.jpg,320,320,person,16,144,43,168
239.jpg,320,320,person,37,146,58,176
239.jpg,320,320,person,21,170,43,190
239.jpg,320,320,person,59,186,75,211
239.jpg,320,320,person,63,166,73,185
239.jpg,320,320,person,77,169,86,188
239.jpg,320,320,person,76,190,94,221
239.jpg,320,320,person,210,122,224,156
243.jpg,320,320,person,211,143,235,179
243.jpg,320,320,person,234,165,253,203
243.jpg,320,320,person,242,232,262,273
243.jpg,320,320,person,70,238,102,272
246.jpg,320,320,person,185,60,223,140
246.jpg,320,320,person,178,180,211,239
250.jpg,320,320,person,154,133,166,157
250.jpg,320,320,person,180,199,199,240
248.jpg,320,320,person,227,274,241,310
251.jpg,320,320,person,133,101,193,186
255.jpg,320,320,person,93,107,114,137
255.jpg,320,320,person,142,33,165,68
255.jpg,320,320,person,220,110,242,148
255.jpg,320,320,person,178,183,211,215
255.jpg,320,320,person,270,44,301,85
257.jpg,320,320,person,272,199,290,227
258.jpg,320,320,person,108,248,162,314
259.jpg,320,320,person,89,127,106,146
259.jpg,320,320,person,129,65,141,85
259.jpg,320,320,person,133,48,145,70
259.jpg,320,320,person,150,24,163,43
259.jpg,320,320,person,145,127,161,146
259.jpg,320,320,person,252,86,271,109
259.jpg,320,320,person,221,136,237,162
260.jpg,320,320,person,130,78,147,120
260.jpg,320,320,person,217,44,234,83
260.jpg,320,320,person,267,217,289,249
260.jpg,320,320,person,271,163,293,201
261.jpg,320,320,person,140,3,172,39
261.jpg,320,320,person,180,65,196,86
261.jpg,320,320,person,148,113,169,153
261.jpg,320,320,person,220,118,238,159
261.jpg,320,320,person,240,194,266,228
261.jpg,320,320,person,264,254,281,272
261.jpg,320,320,person,216,298,243,320
263.jpg,320,320,person,231,1,320,84
263.jpg,320,320,person,195,188,300,292
262.jpg,320,320,person,10,45,51,80
262.jpg,320,320,person,30,101,62,142
266.jpg,320,320,person,51,164,151,225
266.jpg,320,320,person,146,2,186,101
266.jpg,320,320,person,190,1,249,82
265.jpg,320,320,person,98,35,132,66
265.jpg,320,320,person,14,148,41,162
265.jpg,320,320,person,19,161,45,176
273.jpg,320,320,person,141,74,172,144
273.jpg,320,320,person,170,33,194,94
273.jpg,320,320,person,214,0,260,53
273.jpg,320,320,person,213,83,248,161
273.jpg,320,320,person,149,194,196,251
271.jpg,320,320,person,46,2,88,50
271.jpg,320,320,person,146,1,170,17
271.jpg,320,320,person,184,1,206,41
271.jpg,320,320,person,293,233,320,286
272.jpg,320,320,person,153,126,167,142
272.jpg,320,320,person,195,155,210,167
272.jpg,320,320,person,137,279,150,296
272.jpg,320,320,person,115,248,126,265
276.jpg,320,320,person,121,46,140,77
276.jpg,320,320,person,163,197,177,214
276.jpg,320,320,person,150,222,164,240
276.jpg,320,320,person,84,222,110,259
276.jpg,320,320,person,63,165,83,182
276.jpg,320,320,person,64,146,88,162
276.jpg,320,320,person,112,112,132,132
275.jpg,320,320,person,0,54,55,92
275.jpg,320,320,person,66,69,109,105
275.jpg,320,320,person,86,113,133,134
275.jpg,320,320,person,211,280,257,317
277.jpg,320,320,person,213,105,232,130
277.jpg,320,320,person,237,128,249,155
277.jpg,320,320,person,214,195,226,216
277.jpg,320,320,person,188,161,198,174
277.jpg,320,320,person,177,239,191,263
277.jpg,320,320,person,201,195,212,213
281.jpg,320,320,person,9,136,74,182
281.jpg,320,320,person,248,243,300,286
281.jpg,320,320,person,172,55,204,120
281.jpg,320,320,person,252,43,283,92
281.jpg,320,320,person,0,36,32,99
281.jpg,320,320,person,261,290,320,320
288.jpg,320,320,person,96,95,125,134
288.jpg,320,320,person,94,192,127,207
287.jpg,320,320,person,37,114,57,132
287.jpg,320,320,person,60,144,80,158
287.jpg,320,320,person,56,159,72,176
287.jpg,320,320,person,100,214,119,237
287.jpg,320,320,person,183,155,201,177
283.jpg,320,320,person,115,33,152,87
283.jpg,320,320,person,206,100,234,143
283.jpg,320,320,person,215,195,249,243
289.jpg,320,320,person,128,205,160,236
289.jpg,320,320,person,94,288,108,312
289.jpg,320,320,person,106,293,126,320
290.jpg,320,320,person,133,62,181,119
290.jpg,320,320,person,240,53,269,110
290.jpg,320,320,person,241,174,277,222
290.jpg,320,320,person,285,15,318,71
294.jpg,320,320,person,117,42,137,83
294.jpg,320,320,person,299,237,320,289
292.jpg,320,320,person,123,184,153,203
292.jpg,320,320,person,251,284,280,320
292.jpg,320,320,person,27,286,60,320
295.jpg,320,320,person,94,200,110,215
295.jpg,320,320,person,209,74,219,90
295.jpg,320,320,person,167,82,180,102
295.jpg,320,320,person,158,219,171,233
295.jpg,320,320,person,153,225,161,242
295.jpg,320,320,person,132,0,148,17
296.jpg,320,320,person,195,213,256,300
296.jpg,320,320,person,287,27,320,152
296.jpg,320,320,person,219,1,279,78
296.jpg,320,320,person,1,61,33,127
298.jpg,320,320,person,260,27,283,57
298.jpg,320,320,person,238,54,255,79
298.jpg,320,320,person,233,111,248,130
298.jpg,320,320,person,295,64,308,83
298.jpg,320,320,person,289,99,306,116
299.jpg,320,320,person,96,162,170,226
299.jpg,320,320,person,232,122,258,164
299.jpg,320,320,person,207,42,230,82
299.jpg,320,320,person,163,27,186,93
299.jpg,320,320,person,198,0,228,41
299.jpg,320,320,person,166,1,194,31
301.jpg,320,320,person,91,92,114,132
301.jpg,320,320,person,173,68,192,115
301.jpg,320,320,person,203,94,224,128
302.jpg,320,320,person,160,151,184,187
302.jpg,320,320,person,174,263,194,293
302.jpg,320,320,person,220,62,248,93
302.jpg,320,320,person,283,31,314,78
302.jpg,320,320,person,282,94,303,122
303.jpg,320,320,person,103,152,115,169
303.jpg,320,320,person,111,187,125,208
303.jpg,320,320,person,129,104,140,116
303.jpg,320,320,person,171,154,191,186
303.jpg,320,320,person,249,219,263,232
303.jpg,320,320,person,252,231,261,246
303.jpg,320,320,person,136,288,146,307
303.jpg,320,320,person,145,292,157,312
305.jpg,320,320,person,77,183,108,208
305.jpg,320,320,person,15,222,44,245
305.jpg,320,320,person,200,104,224,156
305.jpg,320,320,person,238,26,260,70
305.jpg,320,320,person,236,10,266,36
306.jpg,320,320,person,269,185,280,204
306.jpg,320,320,person,0,225,17,246
304.jpg,320,320,person,66,0,160,119
310.jpg,320,320,person,112,212,131,234
310.jpg,320,320,person,125,275,136,307
310.jpg,320,320,person,151,275,161,301
310.jpg,320,320,person,111,182,126,199
309.jpg,320,320,person,279,294,320,320
309.jpg,320,320,person,243,251,271,293
309.jpg,320,320,person,252,121,271,162
311.jpg,320,320,person,77,191,83,207
311.jpg,320,320,person,128,160,140,177
311.jpg,320,320,person,174,169,189,191
311.jpg,320,320,person,180,234,193,245
311.jpg,320,320,person,180,243,193,255
311.jpg,320,320,person,177,268,189,290
311.jpg,320,320,person,166,277,177,296
311.jpg,320,320,person,100,224,115,233
313.jpg,320,320,person,119,1,145,42
313.jpg,320,320,person,236,119,256,142
316.jpg,320,320,person,157,152,174,184
316.jpg,320,320,person,94,80,119,99
316.jpg,320,320,person,174,198,187,221
318.jpg,320,320,person,137,0,157,24
318.jpg,320,320,person,180,55,201,82
320.jpg,320,320,person,177,213,201,255
320.jpg,320,320,person,221,200,240,234
322.jpg,320,320,person,142,256,154,270
322.jpg,320,320,person,127,153,136,164
322.jpg,320,320,person,125,262,135,273
321.jpg,320,320,person,217,12,266,88
321.jpg,320,320,person,218,103,275,148
324.jpg,320,320,person,204,30,320,143
323.jpg,320,320,person,98,67,153,135
325.jpg,320,320,person,228,256,246,282
325.jpg,320,320,person,226,283,246,301
325.jpg,320,320,person,188,218,213,241
325.jpg,320,320,person,165,228,184,264
329.jpg,320,320,person,295,231,320,296
326.jpg,320,320,person,151,211,181,240
331.jpg,320,320,person,221,74,255,103
331.jpg,320,320,person,176,228,190,252
331.jpg,320,320,person,166,249,188,267
330.jpg,320,320,person,88,70,120,116
330.jpg,320,320,person,31,136,51,167
330.jpg,320,320,person,139,3,161,42
332.jpg,320,320,person,136,247,156,288
332.jpg,320,320,person,115,259,133,301
332.jpg,320,320,person,80,256,108,300
332.jpg,320,320,person,29,182,64,203
332.jpg,320,320,person,8,60,49,108
334.jpg,320,320,person,62,132,95,190
335.jpg,320,320,person,58,282,80,309
335.jpg,320,320,person,11,302,29,318
335.jpg,320,320,person,23,301,42,320
335.jpg,320,320,person,131,248,146,264
335.jpg,320,320,person,111,206,133,231
338.jpg,320,320,person,227,216,294,317
339.jpg,320,320,person,240,95,270,160
342.jpg,320,320,person,159,157,170,191
341.jpg,320,320,person,152,53,172,80
341.jpg,320,320,person,69,115,95,140
341.jpg,320,320,person,63,165,84,194
341.jpg,320,320,person,87,160,101,187
341.jpg,320,320,person,88,211,115,232
341.jpg,320,320,person,196,91,215,110
341.jpg,320,320,person,202,121,230,143
341.jpg,320,320,person,195,210,214,241
345.jpg,320,320,person,243,0,293,42
344.jpg,320,320,person,120,105,141,128
344.jpg,320,320,person,206,45,216,76
344.jpg,320,320,person,140,131,154,147
344.jpg,320,320,person,101,146,123,178
344.jpg,320,320,person,63,250,81,273
344.jpg,320,320,person,112,256,134,275
344.jpg,320,320,person,228,283,248,320
346.jpg,320,320,person,3,234,26,263
348.jpg,320,320,person,144,142,155,166
348.jpg,320,320,person,156,162,169,180
348.jpg,320,320,person,137,216,154,241
348.jpg,320,320,person,99,302,113,316
348.jpg,320,320,person,40,228,60,242
348.jpg,320,320,person,121,165,133,180
349.jpg,320,320,person,258,29,289,85
351.jpg,320,320,person,22,228,37,241
351.jpg,320,320,person,36,221,50,232
351.jpg,320,320,person,21,248,39,259
351.jpg,320,320,person,41,249,54,266
351.jpg,320,320,person,41,238,57,250
351.jpg,320,320,person,163,152,175,166
351.jpg,320,320,person,201,301,225,320
356.jpg,320,320,person,117,159,149,186
356.jpg,320,320,person,232,257,251,275
356.jpg,320,320,person,51,59,71,87
356.jpg,320,320,person,260,268,271,294
356.jpg,320,320,person,240,282,255,306
356.jpg,320,320,person,253,287,264,310
355.jpg,320,320,person,155,125,171,156
355.jpg,320,320,person,131,236,167,260
355.jpg,320,320,person,178,161,191,186
355.jpg,320,320,person,175,191,199,211
361.jpg,320,320,person,91,65,171,160
366.jpg,320,320,person,154,161,180,199
366.jpg,320,320,person,224,140,267,170
366.jpg,320,320,person,11,205,57,242
363.jpg,320,320,person,215,84,235,106
363.jpg,320,320,person,211,104,233,128
363.jpg,320,320,person,246,102,265,131
363.jpg,320,320,person,269,108,296,148
363.jpg,320,320,person,97,265,134,296
363.jpg,320,320,person,90,289,122,309
363.jpg,320,320,person,216,269,238,305
363.jpg,320,320,person,197,283,223,320
372.jpg,320,320,person,141,67,161,91
372.jpg,320,320,person,140,95,166,118
372.jpg,320,320,person,128,147,155,176
372.jpg,320,320,person,13,129,34,169
372.jpg,320,320,person,40,250,61,294
372.jpg,320,320,person,67,246,84,284
372.jpg,320,320,person,75,294,98,320
372.jpg,320,320,person,55,301,74,320
367.jpg,320,320,person,210,101,227,130
367.jpg,320,320,person,189,225,222,252
367.jpg,320,320,person,233,177,260,202
367.jpg,320,320,person,229,133,243,151
367.jpg,320,320,person,237,148,254,173
376.jpg,320,320,person,101,130,116,159
376.jpg,320,320,person,249,222,268,254
376.jpg,320,320,person,244,243,258,264
376.jpg,320,320,person,232,241,245,265
376.jpg,320,320,person,222,236,236,268
373.jpg,320,320,person,126,132,134,148
373.jpg,320,320,person,133,142,145,158
373.jpg,320,320,person,40,201,54,215
373.jpg,320,320,person,125,301,135,319
375.jpg,320,320,person,137,183,184,247
375.jpg,320,320,person,199,80,224,157
378.jpg,320,320,person,180,16,203,45
378.jpg,320,320,person,249,121,269,148
378.jpg,320,320,person,257,211,280,234
382.jpg,320,320,person,67,150,86,162
382.jpg,320,320,person,104,132,115,144
382.jpg,320,320,person,101,152,130,166
382.jpg,320,320,person,97,180,112,192
383.jpg,320,320,person,41,146,125,223
383.jpg,320,320,person,157,42,176,88
383.jpg,320,320,person,180,0,195,49
383.jpg,320,320,person,207,6,229,50
383.jpg,320,320,person,211,51,236,104
383.jpg,320,320,person,231,147,269,181
386.jpg,320,320,person,140,203,156,221
386.jpg,320,320,person,185,82,205,112
386.jpg,320,320,person,213,39,228,69
386.jpg,320,320,person,214,76,229,94
386.jpg,320,320,person,191,159,208,180
386.jpg,320,320,person,138,252,152,271
386.jpg,320,320,person,219,282,241,310
389.jpg,320,320,person,68,0,88,19
389.jpg,320,320,person,112,112,120,134
389.jpg,320,320,person,130,42,143,62
389.jpg,320,320,person,137,67,146,85
389.jpg,320,320,person,149,67,158,88
389.jpg,320,320,person,157,98,172,118
389.jpg,320,320,person,174,132,188,153
389.jpg,320,320,person,186,159,201,178
389.jpg,320,320,person,137,144,154,167
389.jpg,320,320,person,143,213,155,229
389.jpg,320,320,person,167,210,186,228
389.jpg,320,320,person,240,269,251,296
389.jpg,320,320,person,249,267,259,297
390.jpg,320,320,person,120,32,161,97
390.jpg,320,320,person,209,71,240,119
390.jpg,320,320,person,243,164,278,212
390.jpg,320,320,person,272,251,303,289
390.jpg,320,320,person,183,249,216,284
391.jpg,320,320,person,166,19,191,60
391.jpg,320,320,person,207,24,234,58
391.jpg,320,320,person,243,85,263,130
391.jpg,320,320,person,235,255,257,302
391.jpg,320,320,person,253,252,275,290
391.jpg,320,320,person,219,114,240,137
391.jpg,320,320,person,224,90,241,113
397.jpg,320,320,person,95,195,110,212
397.jpg,320,320,person,195,132,218,160
397.jpg,320,320,person,112,103,142,124
397.jpg,320,320,person,116,79,136,101
397.jpg,320,320,person,185,294,218,311
403.jpg,320,320,person,231,101,252,136
406.jpg,320,320,person,83,176,120,216
406.jpg,320,320,person,202,148,240,191
406.jpg,320,320,person,253,213,314,285
409.jpg,320,320,person,176,14,189,36
409.jpg,320,320,person,181,92,192,115
409.jpg,320,320,person,201,114,220,134
409.jpg,320,320,person,233,83,245,111
409.jpg,320,320,person,165,187,177,207
408.jpg,320,320,person,251,175,302,248
408.jpg,320,320,person,36,0,72,39
408.jpg,320,320,person,195,264,232,320
411.jpg,320,320,person,164,73,186,111
411.jpg,320,320,person,216,52,236,89
411.jpg,320,320,person,213,96,240,123
414.jpg,320,320,person,18,194,63,232
414.jpg,320,320,person,180,102,225,144
413.jpg,320,320,person,173,162,193,186
413.jpg,320,320,person,210,10,222,33
413.jpg,320,320,person,252,80,266,105
413.jpg,320,320,person,208,70,222,88
413.jpg,320,320,person,221,108,234,130
413.jpg,320,320,person,190,272,200,288
413.jpg,320,320,person,186,277,195,297
412.jpg,320,320,person,179,80,195,106
412.jpg,320,320,person,191,101,205,122
412.jpg,320,320,person,179,207,195,237
412.jpg,320,320,person,167,222,181,251
412.jpg,320,320,person,90,255,114,276
412.jpg,320,320,person,84,271,110,288
416.jpg,320,320,person,156,33,187,86
416.jpg,320,320,person,187,0,209,58
421.jpg,320,320,person,62,108,83,132
421.jpg,320,320,person,180,184,197,205
421.jpg,320,320,person,178,205,194,220
421.jpg,320,320,person,223,224,239,246
421.jpg,320,320,person,234,211,251,233
424.jpg,320,320,person,280,189,314,228
425.jpg,320,320,person,124,173,208,233
425.jpg,320,320,person,235,129,320,220
425.jpg,320,320,person,209,0,252,92
425.jpg,320,320,person,157,0,192,107
423.jpg,320,320,person,98,132,121,158
423.jpg,320,320,person,118,30,136,51
423.jpg,320,320,person,137,35,149,70
426.jpg,320,320,person,161,74,198,111
426.jpg,320,320,person,35,282,88,320
427.jpg,320,320,person,209,10,235,57
427.jpg,320,320,person,191,105,216,150
427.jpg,320,320,person,219,187,285,231
427.jpg,320,320,person,153,0,187,58
429.jpg,320,320,person,116,3,138,33
429.jpg,320,320,person,70,134,107,166
429.jpg,320,320,person,128,187,144,219
429.jpg,320,320,person,147,190,157,216
429.jpg,320,320,person,99,217,117,232
429.jpg,320,320,person,98,235,119,255
428.jpg,320,320,person,137,14,152,44
428.jpg,320,320,person,155,26,169,48
428.jpg,320,320,person,152,101,173,120
428.jpg,320,320,person,217,170,235,198
428.jpg,320,320,person,70,110,91,133
430.jpg,320,320,person,102,92,126,114
433.jpg,320,320,person,50,28,97,89
433.jpg,320,320,person,66,195,123,250
433.jpg,320,320,person,193,155,260,225
435.jpg,320,320,person,137,24,157,63
435.jpg,320,320,person,164,69,182,93
435.jpg,320,320,person,184,70,209,110
434.jpg,320,320,person,192,1,212,31
434.jpg,320,320,person,176,0,192,28
437.jpg,320,320,person,177,56,209,114
438.jpg,320,320,person,128,229,152,266
438.jpg,320,320,person,21,201,49,230
438.jpg,320,320,person,40,219,60,241
440.jpg,320,320,person,95,57,107,80
440.jpg,320,320,person,69,63,88,85
440.jpg,320,320,person,152,195,163,207
440.jpg,320,320,person,189,262,200,281
440.jpg,320,320,person,194,283,207,297
439.jpg,320,320,person,14,106,38,130
439.jpg,320,320,person,158,166,185,191
439.jpg,320,320,person,243,16,264,64
442.jpg,320,320,person,210,0,238,49
444.jpg,320,320,person,48,210,131,255
444.jpg,320,320,person,194,121,275,169
443.jpg,320,320,person,103,185,119,206
443.jpg,320,320,person,163,103,186,142
443.jpg,320,320,person,216,33,240,74
443.jpg,320,320,person,104,8,125,31
451.jpg,320,320,person,209,173,275,223
451.jpg,320,320,person,244,110,298,172
451.jpg,320,320,person,0,140,63,225
447.jpg,320,320,person,52,101,72,135
447.jpg,320,320,person,86,126,109,155
447.jpg,320,320,person,24,152,45,169
447.jpg,320,320,person,18,178,43,195
447.jpg,320,320,person,44,270,63,286
447.jpg,320,320,person,141,222,151,254
447.jpg,320,320,person,149,219,163,242
447.jpg,320,320,person,128,258,137,275
447.jpg,320,320,person,139,264,151,282
455.jpg,320,320,person,123,194,145,203
455.jpg,320,320,person,125,204,145,222
455.jpg,320,320,person,131,227,144,243
454.jpg,320,320,person,127,206,144,248
454.jpg,320,320,person,255,0,273,34
454.jpg,320,320,person,167,239,184,302
454.jpg,320,320,person,183,239,200,294
452.jpg,320,320,person,195,228,251,319
452.jpg,320,320,person,213,6,244,65
458.jpg,320,320,person,66,257,99,276
458.jpg,320,320,person,96,279,110,301
458.jpg,320,320,person,158,248,177,278
458.jpg,320,320,person,143,282,162,302
458.jpg,320,320,person,176,292,209,320
457.jpg,320,320,person,183,174,207,214
457.jpg,320,320,person,244,230,282,262
460.jpg,320,320,person,142,117,157,139
460.jpg,320,320,person,129,131,145,150
460.jpg,320,320,person,202,227,214,254
460.jpg,320,320,person,225,177,241,197
460.jpg,320,320,person,229,207,247,236
461.jpg,320,320,person,146,136,163,157
461.jpg,320,320,person,141,303,157,320
464.jpg,320,320,person,136,51,144,79
464.jpg,320,320,person,185,121,198,137
464.jpg,320,320,person,215,171,230,184
464.jpg,320,320,person,169,230,175,241
463.jpg,320,320,person,95,136,111,148
463.jpg,320,320,person,83,215,102,229
463.jpg,320,320,person,67,255,83,272
463.jpg,320,320,person,73,270,86,280
463.jpg,320,320,person,164,277,178,306
462.jpg,320,320,person,0,200,52,255
462.jpg,320,320,person,136,266,190,320
462.jpg,320,320,person,235,88,283,138
465.jpg,320,320,person,280,33,309,62
467.jpg,320,320,person,237,97,266,135
472.jpg,320,320,person,100,9,128,46
472.jpg,320,320,person,215,46,237,80
472.jpg,320,320,person,204,171,234,216
472.jpg,320,320,person,187,234,217,276
470.jpg,320,320,person,81,56,94,67
470.jpg,320,320,person,177,63,187,80
470.jpg,320,320,person,193,118,199,132
470.jpg,320,320,person,216,125,227,147
470.jpg,320,320,person,216,185,225,200
470.jpg,320,320,person,208,214,214,229
470.jpg,320,320,person,202,242,212,258
470.jpg,320,320,person,151,189,159,208
473.jpg,320,320,person,52,164,74,202
473.jpg,320,320,person,149,167,165,200
473.jpg,320,320,person,198,277,216,309
474.jpg,320,320,person,18,172,33,194
474.jpg,320,320,person,76,198,88,210
474.jpg,320,320,person,37,241,60,259
476.jpg,320,320,person,132,75,174,145
475.jpg,320,320,person,57,64,85,98
475.jpg,320,320,person,105,71,128,98
475.jpg,320,320,person,137,112,154,130
475.jpg,320,320,person,162,146,181,168
479.jpg,320,320,person,74,83,93,108
479.jpg,320,320,person,91,71,109,99
479.jpg,320,320,person,39,157,63,187
479.jpg,320,320,person,76,151,98,173
479.jpg,320,320,person,140,136,155,162
479.jpg,320,320,person,126,164,148,194
479.jpg,320,320,person,158,173,182,197
479.jpg,320,320,person,155,195,180,212
479.jpg,320,320,person,157,211,177,227
480.jpg,320,320,person,38,82,68,112
480.jpg,320,320,person,192,165,217,200
478.jpg,320,320,person,109,77,139,124
478.jpg,320,320,person,165,122,186,147
478.jpg,320,320,person,201,237,224,271
478.jpg,320,320,person,242,223,266,243
478.jpg,320,320,person,243,253,269,281
485.jpg,320,320,person,112,128,164,185
489.jpg,320,320,person,49,135,89,187
489.jpg,320,320,person,134,40,164,84
488.jpg,320,320,person,131,4,145,37
488.jpg,320,320,person,155,12,172,37
488.jpg,320,320,person,144,31,157,61
491.jpg,320,320,person,6,147,88,216
491.jpg,320,320,person,98,251,142,320
494.jpg,320,320,person,131,151,169,178
494.jpg,320,320,person,151,209,173,233
493.jpg,320,320,person,229,193,273,257
493.jpg,320,320,person,238,63,273,114
497.jpg,320,320,person,185,24,207,66
498.jpg,320,320,person,94,99,152,156
500.jpg,320,320,person,74,176,104,227
500.jpg,320,320,person,48,250,79,274
500.jpg,320,320,person,194,151,217,192
500.jpg,320,320,person,221,164,241,183
500.jpg,320,320,person,227,142,247,160
501.jpg,320,320,person,142,144,175,197
501.jpg,320,320,person,188,209,212,286
502.jpg,320,320,person,108,152,141,181
502.jpg,320,320,person,113,0,138,41
502.jpg,320,320,person,222,22,253,84
502.jpg,320,320,person,214,141,249,174
507.jpg,320,320,person,137,151,216,277
509.jpg,320,320,person,185,45,211,76
509.jpg,320,320,person,59,202,88,230
510.jpg,320,320,person,0,44,31,87
512.jpg,320,320,person,44,26,64,62
512.jpg,320,320,person,64,12,81,62
512.jpg,320,320,person,57,131,81,157
512.jpg,320,320,person,67,93,89,116
513.jpg,320,320,person,112,171,132,189
513.jpg,320,320,person,105,195,129,213
513.jpg,320,320,person,255,101,281,132
513.jpg,320,320,person,220,3,229,35
513.jpg,320,320,person,151,162,166,189
513.jpg,320,320,person,137,215,154,238
513.jpg,320,320,person,124,226,143,251
513.jpg,320,320,person,172,223,185,247
513.jpg,320,320,person,163,233,176,257
514.jpg,320,320,person,134,217,158,246
514.jpg,320,320,person,164,294,178,313
514.jpg,320,320,person,186,271,198,284
514.jpg,320,320,person,196,300,212,320
515.jpg,320,320,person,155,194,189,236
518.jpg,320,320,person,176,132,186,151
518.jpg,320,320,person,195,125,208,148
518.jpg,320,320,person,190,153,203,171
517.jpg,320,320,person,106,134,128,159
517.jpg,320,320,person,118,96,140,135
517.jpg,320,320,person,78,27,97,49
517.jpg,320,320,person,113,19,140,56
517.jpg,320,320,person,171,183,186,206
517.jpg,320,320,person,184,173,201,200
517.jpg,320,320,person,220,157,236,177
517.jpg,320,320,person,231,178,251,204
521.jpg,320,320,person,168,236,238,320
521.jpg,320,320,person,229,0,315,88
524.jpg,320,320,person,33,205,63,254
524.jpg,320,320,person,1,153,31,186
524.jpg,320,320,person,106,79,136,101
524.jpg,320,320,person,208,94,233,117
524.jpg,320,320,person,291,76,318,112
524.jpg,320,320,person,112,0,137,35
524.jpg,320,320,person,89,0,109,28
524.jpg,320,320,person,85,258,110,286
524.jpg,320,320,person,75,294,101,320
524.jpg,320,320,person,126,266,140,308
524.jpg,320,320,person,140,260,157,305
525.jpg,320,320,person,137,116,158,137
525.jpg,320,320,person,229,80,255,119
526.jpg,320,320,person,115,225,133,241
526.jpg,320,320,person,124,273,131,300
526.jpg,320,320,person,142,254,151,277
526.jpg,320,320,person,208,239,215,256
526.jpg,320,320,person,215,246,223,262
526.jpg,320,320,person,213,266,221,278
529.jpg,320,320,person,68,91,95,117
529.jpg,320,320,person,175,126,215,146
532.jpg,320,320,person,131,33,166,85
531.jpg,320,320,person,88,151,121,177
531.jpg,320,320,person,32,225,65,240
531.jpg,320,320,person,35,238,77,251
535.jpg,320,320,person,195,213,232,271
536.jpg,320,320,person,94,117,112,139
536.jpg,320,320,person,111,71,135,91
536.jpg,320,320,person,140,6,160,23
536.jpg,320,320,person,179,83,195,108
538.jpg,320,320,person,57,280,71,303
538.jpg,320,320,person,70,288,92,312
538.jpg,320,320,person,111,298,133,320
537.jpg,320,320,person,106,28,131,62
537.jpg,320,320,person,237,230,267,257
544.jpg,320,320,person,73,84,98,100
544.jpg,320,320,person,139,8,156,29
544.jpg,320,320,person,143,27,155,53
544.jpg,320,320,person,159,151,181,175
544.jpg,320,320,person,221,99,237,122
544.jpg,320,320,person,251,19,272,46
540.jpg,320,320,person,45,36,63,58
540.jpg,320,320,person,78,28,94,57
540.jpg,320,320,person,97,34,109,67
540.jpg,320,320,person,134,101,151,134
540.jpg,320,320,person,161,194,178,213
543.jpg,320,320,person,255,82,279,148
545.jpg,320,320,person,108,76,135,122
545.jpg,320,320,person,124,234,159,271
549.jpg,320,320,person,115,120,128,139
549.jpg,320,320,person,147,87,158,104
549.jpg,320,320,person,158,96,171,117
549.jpg,320,320,person,167,105,184,123
549.jpg,320,320,person,180,147,201,163
549.jpg,320,320,person,200,187,217,205
549.jpg,320,320,person,213,221,234,235
549.jpg,320,320,person,154,199,167,210
549.jpg,320,320,person,167,285,174,301
554.jpg,320,320,person,133,95,157,132
554.jpg,320,320,person,134,24,154,53
551.jpg,320,320,person,128,155,158,180
551.jpg,320,320,person,201,210,223,228
551.jpg,320,320,person,156,289,168,318
551.jpg,320,320,person,145,294,158,320
556.jpg,320,320,person,35,179,111,308
558.jpg,320,320,person,146,132,157,144
558.jpg,320,320,person,147,51,154,65
558.jpg,320,320,person,208,125,221,141
558.jpg,320,320,person,169,181,182,196
558.jpg,320,320,person,139,210,148,232
559.jpg,320,320,person,168,168,203,189
559.jpg,320,320,person,143,223,166,247
559.jpg,320,320,person,225,273,240,296
559.jpg,320,320,person,237,286,247,310
564.jpg,320,320,person,95,122,115,178
564.jpg,320,320,person,74,268,112,320
564.jpg,320,320,person,155,199,182,234
564.jpg,320,320,person,243,219,286,271
564.jpg,320,320,person,148,20,177,67
566.jpg,320,320,person,55,19,88,52
566.jpg,320,320,person,100,49,121,88
566.jpg,320,320,person,126,64,149,99
566.jpg,320,320,person,145,139,177,173
566.jpg,320,320,person,180,230,218,262
566.jpg,320,320,person,94,251,112,287
566.jpg,320,320,person,210,289,244,320
565.jpg,320,320,person,100,99,119,127
565.jpg,320,320,person,156,41,172,69
565.jpg,320,320,person,66,222,88,243
565.jpg,320,320,person,88,232,103,252
565.jpg,320,320,person,126,268,149,305
568.jpg,320,320,person,31,135,77,187
568.jpg,320,320,person,164,45,190,93
568.jpg,320,320,person,202,0,223,63
568.jpg,320,320,person,220,9,247,63
568.jpg,320,320,person,229,58,255,99
568.jpg,320,320,person,245,141,280,176
567.jpg,320,320,person,172,266,184,294
567.jpg,320,320,person,160,289,175,305
567.jpg,320,320,person,189,281,211,310
572.jpg,320,320,person,48,94,92,125
570.jpg,320,320,person,131,169,154,197
576.jpg,320,320,person,183,35,204,78
576.jpg,320,320,person,183,89,206,118
576.jpg,320,320,person,169,123,192,162
574.jpg,320,320,person,28,212,53,227
574.jpg,320,320,person,38,227,63,241
573.jpg,320,320,person,232,105,272,162
582.jpg,320,320,person,128,13,152,67
582.jpg,320,320,person,69,262,120,286
583.jpg,320,320,person,60,189,87,213
583.jpg,320,320,person,128,204,143,225
583.jpg,320,320,person,180,194,203,210
583.jpg,320,320,person,222,102,248,127
583.jpg,320,320,person,249,10,274,30
583.jpg,320,320,person,253,35,273,57
584.jpg,320,320,person,168,221,185,239
584.jpg,320,320,person,196,233,204,248
584.jpg,320,320,person,200,241,210,252
584.jpg,320,320,person,195,246,209,263
586.jpg,320,320,person,149,217,170,250
585.jpg,320,320,person,92,96,108,125
585.jpg,320,320,person,100,112,119,142
585.jpg,320,320,person,61,230,85,260
585.jpg,320,320,person,37,252,63,276
587.jpg,320,320,person,115,166,124,181
587.jpg,320,320,person,71,120,87,140
587.jpg,320,320,person,71,162,94,174
587.jpg,320,320,person,132,166,143,181
587.jpg,320,320,person,106,182,121,203
587.jpg,320,320,person,129,190,146,206
587.jpg,320,320,person,126,200,142,212
587.jpg,320,320,person,128,210,140,222
588.jpg,320,320,person,183,130,210,161
588.jpg,320,320,person,226,144,269,187
588.jpg,320,320,person,279,96,320,152
591.jpg,320,320,person,130,51,148,75
591.jpg,320,320,person,121,68,143,102
591.jpg,320,320,person,60,135,87,171
591.jpg,320,320,person,25,160,51,178
591.jpg,320,320,person,122,222,143,247
592.jpg,320,320,person,39,76,66,102
592.jpg,320,320,person,119,117,133,140
592.jpg,320,320,person,104,3,128,31
592.jpg,320,320,person,68,1,91,22
594.jpg,320,320,person,78,177,102,200
594.jpg,320,320,person,143,57,178,92
594.jpg,320,320,person,160,270,189,301
594.jpg,320,320,person,244,269,274,315
593.jpg,320,320,person,77,241,115,287
598.jpg,320,320,person,130,235,147,268
598.jpg,320,320,person,148,212,165,246
596.jpg,320,320,person,88,167,106,194
596.jpg,320,320,person,218,211,232,234
