<annotation>
	<folder>yolo_anno</folder>
	<filename>021.jpg</filename>
	<path>/Users/allison.xiaxin.shen/Documents/Project/UAV_CV_thermal/UAV/Model/train_image_folder/021.jpg</path>
	<source>
		<database>Unknown</database>
	</source>
	<size>
		<width>6000</width>
		<height>4000</height>
		<depth>3</depth>
	</size>
	<segmented>0</segmented>
	<object>
		<name>person</name>
		<pose>Unspecified</pose>
		<truncated>0</truncated>
		<difficult>0</difficult>
		<bndbox>
			<xmin>3976</xmin>
			<ymin>0</ymin>
			<xmax>4726</xmax>
			<ymax>482</ymax>
		</bndbox>
	</object>
</annotation>
