<annotation>
	<folder>yolo_anno</folder>
	<filename>028.jpg</filename>
	<path>/Users/allison.xiaxin.shen/Documents/Project/UAV_CV_thermal/UAV/Model/train_image_folder/028.jpg</path>
	<source>
		<database>Unknown</database>
	</source>
	<size>
		<width>6000</width>
		<height>4000</height>
		<depth>3</depth>
	</size>
	<segmented>0</segmented>
	<object>
		<name>person</name>
		<pose>Unspecified</pose>
		<truncated>0</truncated>
		<difficult>0</difficult>
		<bndbox>
			<xmin>3771</xmin>
			<ymin>1699</ymin>
			<xmax>5122</xmax>
			<ymax>2803</ymax>
		</bndbox>
	</object>
	<object>
		<name>person</name>
		<pose>Unspecified</pose>
		<truncated>0</truncated>
		<difficult>0</difficult>
		<bndbox>
			<xmin>4160</xmin>
			<ymin>50</ymin>
			<xmax>5724</xmax>
			<ymax>1465</ymax>
		</bndbox>
	</object>
</annotation>
