<annotation>
	<folder>yolo_anno</folder>
	<filename>055.jpg</filename>
	<path>/Users/allison.xiaxin.shen/Documents/Project/UAV_CV_thermal/UAV/Model/train_image_folder/055.jpg</path>
	<source>
		<database>Unknown</database>
	</source>
	<size>
		<width>6000</width>
		<height>4000</height>
		<depth>3</depth>
	</size>
	<segmented>0</segmented>
	<object>
		<name>person</name>
		<pose>Unspecified</pose>
		<truncated>0</truncated>
		<difficult>0</difficult>
		<bndbox>
			<xmin>2016</xmin>
			<ymin>1876</ymin>
			<xmax>2349</xmax>
			<ymax>2244</ymax>
		</bndbox>
	</object>
	<object>
		<name>person</name>
		<pose>Unspecified</pose>
		<truncated>0</truncated>
		<difficult>0</difficult>
		<bndbox>
			<xmin>1853</xmin>
			<ymin>751</ymin>
			<xmax>2158</xmax>
			<ymax>1005</ymax>
		</bndbox>
	</object>
	<object>
		<name>person</name>
		<pose>Unspecified</pose>
		<truncated>0</truncated>
		<difficult>0</difficult>
		<bndbox>
			<xmin>2724</xmin>
			<ymin>1012</ymin>
			<xmax>3007</xmax>
			<ymax>1303</ymax>
		</bndbox>
	</object>
	<object>
		<name>person</name>
		<pose>Unspecified</pose>
		<truncated>0</truncated>
		<difficult>0</difficult>
		<bndbox>
			<xmin>3509</xmin>
			<ymin>751</ymin>
			<xmax>3757</xmax>
			<ymax>970</ymax>
		</bndbox>
	</object>
	<object>
		<name>person</name>
		<pose>Unspecified</pose>
		<truncated>0</truncated>
		<difficult>0</difficult>
		<bndbox>
			<xmin>3573</xmin>
			<ymin>906</ymin>
			<xmax>3820</xmax>
			<ymax>1175</ymax>
		</bndbox>
	</object>
	<object>
		<name>person</name>
		<pose>Unspecified</pose>
		<truncated>0</truncated>
		<difficult>0</difficult>
		<bndbox>
			<xmin>3353</xmin>
			<ymin>1479</ymin>
			<xmax>3679</xmax>
			<ymax>1762</ymax>
		</bndbox>
	</object>
	<object>
		<name>person</name>
		<pose>Unspecified</pose>
		<truncated>0</truncated>
		<difficult>0</difficult>
		<bndbox>
			<xmin>2476</xmin>
			<ymin>3418</ymin>
			<xmax>2752</xmax>
			<ymax>3751</ymax>
		</bndbox>
	</object>
</annotation>
