<annotation>
	<folder>yolo_anno</folder>
	<filename>063.jpg</filename>
	<path>/Users/allison.xiaxin.shen/Documents/Project/UAV_CV_thermal/UAV/Model/train_image_folder/063.jpg</path>
	<source>
		<database>Unknown</database>
	</source>
	<size>
		<width>6000</width>
		<height>4000</height>
		<depth>3</depth>
	</size>
	<segmented>0</segmented>
	<object>
		<name>person</name>
		<pose>Unspecified</pose>
		<truncated>0</truncated>
		<difficult>0</difficult>
		<bndbox>
			<xmin>4507</xmin>
			<ymin>3100</ymin>
			<xmax>4924</xmax>
			<ymax>3468</ymax>
		</bndbox>
	</object>
	<object>
		<name>person</name>
		<pose>Unspecified</pose>
		<truncated>0</truncated>
		<difficult>0</difficult>
		<bndbox>
			<xmin>4535</xmin>
			<ymin>2399</ymin>
			<xmax>5037</xmax>
			<ymax>2704</ymax>
		</bndbox>
	</object>
</annotation>
