<annotation>
	<folder>yolo_anno</folder>
	<filename>065.jpg</filename>
	<path>/Users/allison.xiaxin.shen/Documents/Project/UAV_CV_thermal/UAV/Model/train_image_folder/065.jpg</path>
	<source>
		<database>Unknown</database>
	</source>
	<size>
		<width>6000</width>
		<height>4000</height>
		<depth>3</depth>
	</size>
	<segmented>0</segmented>
	<object>
		<name>person</name>
		<pose>Unspecified</pose>
		<truncated>0</truncated>
		<difficult>0</difficult>
		<bndbox>
			<xmin>4365</xmin>
			<ymin>3298</ymin>
			<xmax>4599</xmax>
			<ymax>3524</ymax>
		</bndbox>
	</object>
	<object>
		<name>person</name>
		<pose>Unspecified</pose>
		<truncated>0</truncated>
		<difficult>0</difficult>
		<bndbox>
			<xmin>4577</xmin>
			<ymin>2746</ymin>
			<xmax>4775</xmax>
			<ymax>2873</ymax>
		</bndbox>
	</object>
	<object>
		<name>person</name>
		<pose>Unspecified</pose>
		<truncated>0</truncated>
		<difficult>0</difficult>
		<bndbox>
			<xmin>4988</xmin>
			<ymin>2534</ymin>
			<xmax>5221</xmax>
			<ymax>2746</ymax>
		</bndbox>
	</object>
	<object>
		<name>person</name>
		<pose>Unspecified</pose>
		<truncated>0</truncated>
		<difficult>0</difficult>
		<bndbox>
			<xmin>5405</xmin>
			<ymin>2987</ymin>
			<xmax>5603</xmax>
			<ymax>3185</ymax>
		</bndbox>
	</object>
	<object>
		<name>person</name>
		<pose>Unspecified</pose>
		<truncated>0</truncated>
		<difficult>0</difficult>
		<bndbox>
			<xmin>5108</xmin>
			<ymin>3411</ymin>
			<xmax>5448</xmax>
			<ymax>3694</ymax>
		</bndbox>
	</object>
</annotation>
