<annotation>
	<folder>yolo_anno</folder>
	<filename>071.jpg</filename>
	<path>/Users/allison.xiaxin.shen/Documents/Project/UAV_CV_thermal/UAV/Model/train_image_folder/071.jpg</path>
	<source>
		<database>Unknown</database>
	</source>
	<size>
		<width>6000</width>
		<height>4000</height>
		<depth>3</depth>
	</size>
	<segmented>0</segmented>
	<object>
		<name>person</name>
		<pose>Unspecified</pose>
		<truncated>0</truncated>
		<difficult>0</difficult>
		<bndbox>
			<xmin>2030</xmin>
			<ymin>1027</ymin>
			<xmax>2356</xmax>
			<ymax>1232</ymax>
		</bndbox>
	</object>
	<object>
		<name>person</name>
		<pose>Unspecified</pose>
		<truncated>0</truncated>
		<difficult>0</difficult>
		<bndbox>
			<xmin>2264</xmin>
			<ymin>1571</ymin>
			<xmax>2490</xmax>
			<ymax>1826</ymax>
		</bndbox>
	</object>
	<object>
		<name>person</name>
		<pose>Unspecified</pose>
		<truncated>0</truncated>
		<difficult>0</difficult>
		<bndbox>
			<xmin>2879</xmin>
			<ymin>1805</ymin>
			<xmax>3042</xmax>
			<ymax>1939</ymax>
		</bndbox>
	</object>
	<object>
		<name>person</name>
		<pose>Unspecified</pose>
		<truncated>0</truncated>
		<difficult>0</difficult>
		<bndbox>
			<xmin>2957</xmin>
			<ymin>1890</ymin>
			<xmax>3148</xmax>
			<ymax>2081</ymax>
		</bndbox>
	</object>
	<object>
		<name>person</name>
		<pose>Unspecified</pose>
		<truncated>0</truncated>
		<difficult>0</difficult>
		<bndbox>
			<xmin>3353</xmin>
			<ymin>1685</ymin>
			<xmax>3495</xmax>
			<ymax>1847</ymax>
		</bndbox>
	</object>
	<object>
		<name>person</name>
		<pose>Unspecified</pose>
		<truncated>0</truncated>
		<difficult>0</difficult>
		<bndbox>
			<xmin>4231</xmin>
			<ymin>1104</ymin>
			<xmax>4429</xmax>
			<ymax>1281</ymax>
		</bndbox>
	</object>
	<object>
		<name>person</name>
		<pose>Unspecified</pose>
		<truncated>0</truncated>
		<difficult>0</difficult>
		<bndbox>
			<xmin>4266</xmin>
			<ymin>899</ymin>
			<xmax>4499</xmax>
			<ymax>1119</ymax>
		</bndbox>
	</object>
	<object>
		<name>person</name>
		<pose>Unspecified</pose>
		<truncated>0</truncated>
		<difficult>0</difficult>
		<bndbox>
			<xmin>4514</xmin>
			<ymin>1161</ymin>
			<xmax>4754</xmax>
			<ymax>1345</ymax>
		</bndbox>
	</object>
	<object>
		<name>person</name>
		<pose>Unspecified</pose>
		<truncated>0</truncated>
		<difficult>0</difficult>
		<bndbox>
			<xmin>4266</xmin>
			<ymin>2420</ymin>
			<xmax>4471</xmax>
			<ymax>2647</ymax>
		</bndbox>
	</object>
	<object>
		<name>person</name>
		<pose>Unspecified</pose>
		<truncated>0</truncated>
		<difficult>0</difficult>
		<bndbox>
			<xmin>4584</xmin>
			<ymin>3156</ymin>
			<xmax>4839</xmax>
			<ymax>3404</ymax>
		</bndbox>
	</object>
	<object>
		<name>person</name>
		<pose>Unspecified</pose>
		<truncated>0</truncated>
		<difficult>0</difficult>
		<bndbox>
			<xmin>4811</xmin>
			<ymin>3418</ymin>
			<xmax>5037</xmax>
			<ymax>3765</ymax>
		</bndbox>
	</object>
</annotation>
