<annotation>
	<folder>yolo_anno</folder>
	<filename>104.jpg</filename>
	<path>/Users/allison.xiaxin.shen/Documents/Project/UAV_CV_thermal/UAV/Model/train_image_folder/104.jpg</path>
	<source>
		<database>Unknown</database>
	</source>
	<size>
		<width>6000</width>
		<height>4000</height>
		<depth>3</depth>
	</size>
	<segmented>0</segmented>
	<object>
		<name>person</name>
		<pose>Unspecified</pose>
		<truncated>0</truncated>
		<difficult>0</difficult>
		<bndbox>
			<xmin>4474</xmin>
			<ymin>713</ymin>
			<xmax>5156</xmax>
			<ymax>1349</ymax>
		</bndbox>
	</object>
	<object>
		<name>person</name>
		<pose>Unspecified</pose>
		<truncated>0</truncated>
		<difficult>0</difficult>
		<bndbox>
			<xmin>5007</xmin>
			<ymin>2486</ymin>
			<xmax>5941</xmax>
			<ymax>3262</ymax>
		</bndbox>
	</object>
	<object>
		<name>person</name>
		<pose>Unspecified</pose>
		<truncated>1</truncated>
		<difficult>0</difficult>
		<bndbox>
			<xmin>5313</xmin>
			<ymin>3333</ymin>
			<xmax>5999</xmax>
			<ymax>4000</ymax>
		</bndbox>
	</object>
</annotation>
