<annotation>
	<folder>yolo_anno</folder>
	<filename>122.jpg</filename>
	<path>/Users/allison.xiaxin.shen/Documents/Project/UAV_CV_thermal/UAV/Model/train_image_folder/122.jpg</path>
	<source>
		<database>Unknown</database>
	</source>
	<size>
		<width>6000</width>
		<height>4000</height>
		<depth>3</depth>
	</size>
	<segmented>0</segmented>
	<object>
		<name>person</name>
		<pose>Unspecified</pose>
		<truncated>0</truncated>
		<difficult>0</difficult>
		<bndbox>
			<xmin>2898</xmin>
			<ymin>1364</ymin>
			<xmax>3454</xmax>
			<ymax>2305</ymax>
		</bndbox>
	</object>
	<object>
		<name>person</name>
		<pose>Unspecified</pose>
		<truncated>0</truncated>
		<difficult>0</difficult>
		<bndbox>
			<xmin>4984</xmin>
			<ymin>2243</ymin>
			<xmax>5980</xmax>
			<ymax>2909</ymax>
		</bndbox>
	</object>
</annotation>
