<annotation>
	<folder>yolo_anno</folder>
	<filename>130.jpg</filename>
	<path>/Users/allison.xiaxin.shen/Documents/Project/UAV_CV_thermal/UAV/Model/train_image_folder/130.jpg</path>
	<source>
		<database>Unknown</database>
	</source>
	<size>
		<width>6000</width>
		<height>4000</height>
		<depth>3</depth>
	</size>
	<segmented>0</segmented>
	<object>
		<name>person</name>
		<pose>Unspecified</pose>
		<truncated>0</truncated>
		<difficult>0</difficult>
		<bndbox>
			<xmin>4976</xmin>
			<ymin>1082</ymin>
			<xmax>5613</xmax>
			<ymax>2744</ymax>
		</bndbox>
	</object>
	<object>
		<name>person</name>
		<pose>Unspecified</pose>
		<truncated>0</truncated>
		<difficult>0</difficult>
		<bndbox>
			<xmin>0</xmin>
			<ymin>2737</ymin>
			<xmax>584</xmax>
			<ymax>3733</ymax>
		</bndbox>
	</object>
</annotation>
