<annotation>
	<folder>yolo_anno</folder>
	<filename>146.jpg</filename>
	<path>/Users/allison.xiaxin.shen/Documents/Project/UAV_CV_thermal/UAV/Model/train_image_folder/146.jpg</path>
	<source>
		<database>Unknown</database>
	</source>
	<size>
		<width>6000</width>
		<height>4000</height>
		<depth>3</depth>
	</size>
	<segmented>0</segmented>
	<object>
		<name>person</name>
		<pose>Unspecified</pose>
		<truncated>0</truncated>
		<difficult>0</difficult>
		<bndbox>
			<xmin>3596</xmin>
			<ymin>2643</ymin>
			<xmax>4035</xmax>
			<ymax>3129</ymax>
		</bndbox>
	</object>
	<object>
		<name>person</name>
		<pose>Unspecified</pose>
		<truncated>0</truncated>
		<difficult>0</difficult>
		<bndbox>
			<xmin>4168</xmin>
			<ymin>2203</ymin>
			<xmax>4647</xmax>
			<ymax>2635</ymax>
		</bndbox>
	</object>
	<object>
		<name>person</name>
		<pose>Unspecified</pose>
		<truncated>0</truncated>
		<difficult>0</difficult>
		<bndbox>
			<xmin>5509</xmin>
			<ymin>2556</ymin>
			<xmax>5999</xmax>
			<ymax>3050</ymax>
		</bndbox>
	</object>
</annotation>
