<annotation>
	<folder>yolo_anno</folder>
	<filename>153.jpg</filename>
	<path>/Users/allison.xiaxin.shen/Documents/Project/UAV_CV_thermal/UAV/Model/train_image_folder/153.jpg</path>
	<source>
		<database>Unknown</database>
	</source>
	<size>
		<width>6000</width>
		<height>4000</height>
		<depth>3</depth>
	</size>
	<segmented>0</segmented>
	<object>
		<name>person</name>
		<pose>Unspecified</pose>
		<truncated>0</truncated>
		<difficult>0</difficult>
		<bndbox>
			<xmin>2337</xmin>
			<ymin>2328</ymin>
			<xmax>2552</xmax>
			<ymax>2522</ymax>
		</bndbox>
	</object>
	<object>
		<name>person</name>
		<pose>Unspecified</pose>
		<truncated>0</truncated>
		<difficult>0</difficult>
		<bndbox>
			<xmin>4999</xmin>
			<ymin>1475</ymin>
			<xmax>5972</xmax>
			<ymax>2413</ymax>
		</bndbox>
	</object>
	<object>
		<name>person</name>
		<pose>Unspecified</pose>
		<truncated>1</truncated>
		<difficult>0</difficult>
		<bndbox>
			<xmin>2498</xmin>
			<ymin>3184</ymin>
			<xmax>3352</xmax>
			<ymax>4000</ymax>
		</bndbox>
	</object>
</annotation>
