<annotation>
	<folder>yolo_anno</folder>
	<filename>157.jpg</filename>
	<path>/Users/allison.xiaxin.shen/Documents/Project/UAV_CV_thermal/UAV/Model/train_image_folder/157.jpg</path>
	<source>
		<database>Unknown</database>
	</source>
	<size>
		<width>6000</width>
		<height>4000</height>
		<depth>3</depth>
	</size>
	<segmented>0</segmented>
	<object>
		<name>person</name>
		<pose>Unspecified</pose>
		<truncated>0</truncated>
		<difficult>0</difficult>
		<bndbox>
			<xmin>184</xmin>
			<ymin>274</ymin>
			<xmax>976</xmax>
			<ymax>980</ymax>
		</bndbox>
	</object>
	<object>
		<name>person</name>
		<pose>Unspecified</pose>
		<truncated>0</truncated>
		<difficult>0</difficult>
		<bndbox>
			<xmin>3109</xmin>
			<ymin>870</ymin>
			<xmax>3517</xmax>
			<ymax>1513</ymax>
		</bndbox>
	</object>
	<object>
		<name>person</name>
		<pose>Unspecified</pose>
		<truncated>0</truncated>
		<difficult>0</difficult>
		<bndbox>
			<xmin>3556</xmin>
			<ymin>2439</ymin>
			<xmax>4105</xmax>
			<ymax>2949</ymax>
		</bndbox>
	</object>
	<object>
		<name>person</name>
		<pose>Unspecified</pose>
		<truncated>0</truncated>
		<difficult>0</difficult>
		<bndbox>
			<xmin>3180</xmin>
			<ymin>2572</ymin>
			<xmax>3643</xmax>
			<ymax>3090</ymax>
		</bndbox>
	</object>
	<object>
		<name>person</name>
		<pose>Unspecified</pose>
		<truncated>0</truncated>
		<difficult>0</difficult>
		<bndbox>
			<xmin>3611</xmin>
			<ymin>2894</ymin>
			<xmax>4050</xmax>
			<ymax>3498</ymax>
		</bndbox>
	</object>
	<object>
		<name>person</name>
		<pose>Unspecified</pose>
		<truncated>0</truncated>
		<difficult>0</difficult>
		<bndbox>
			<xmin>4200</xmin>
			<ymin>2517</ymin>
			<xmax>4819</xmax>
			<ymax>3098</ymax>
		</bndbox>
	</object>
</annotation>
