<annotation>
	<folder>yolo_anno</folder>
	<filename>164.jpg</filename>
	<path>/Users/allison.xiaxin.shen/Documents/Project/UAV_CV_thermal/UAV/Model/train_image_folder/164.jpg</path>
	<source>
		<database>Unknown</database>
	</source>
	<size>
		<width>6000</width>
		<height>4000</height>
		<depth>3</depth>
	</size>
	<segmented>0</segmented>
	<object>
		<name>person</name>
		<pose>Unspecified</pose>
		<truncated>0</truncated>
		<difficult>0</difficult>
		<bndbox>
			<xmin>3439</xmin>
			<ymin>1168</ymin>
			<xmax>4066</xmax>
			<ymax>1803</ymax>
		</bndbox>
	</object>
	<object>
		<name>person</name>
		<pose>Unspecified</pose>
		<truncated>0</truncated>
		<difficult>0</difficult>
		<bndbox>
			<xmin>3988</xmin>
			<ymin>2133</ymin>
			<xmax>4396</xmax>
			<ymax>2768</ymax>
		</bndbox>
	</object>
	<object>
		<name>person</name>
		<pose>Unspecified</pose>
		<truncated>0</truncated>
		<difficult>0</difficult>
		<bndbox>
			<xmin>3713</xmin>
			<ymin>2807</ymin>
			<xmax>4129</xmax>
			<ymax>3356</ymax>
		</bndbox>
	</object>
</annotation>
