<annotation>
	<folder>yolo_anno</folder>
	<filename>166.jpg</filename>
	<path>/Users/allison.xiaxin.shen/Documents/Project/UAV_CV_thermal/UAV/Model/train_image_folder/166.jpg</path>
	<source>
		<database>Unknown</database>
	</source>
	<size>
		<width>6000</width>
		<height>4000</height>
		<depth>3</depth>
	</size>
	<segmented>0</segmented>
	<object>
		<name>person</name>
		<pose>Unspecified</pose>
		<truncated>1</truncated>
		<difficult>0</difficult>
		<bndbox>
			<xmin>4223</xmin>
			<ymin>1309</ymin>
			<xmax>6000</xmax>
			<ymax>2470</ymax>
		</bndbox>
	</object>
	<object>
		<name>person</name>
		<pose>Unspecified</pose>
		<truncated>0</truncated>
		<difficult>0</difficult>
		<bndbox>
			<xmin>4694</xmin>
			<ymin>180</ymin>
			<xmax>5999</xmax>
			<ymax>1333</ymax>
		</bndbox>
	</object>
</annotation>
