<annotation>
	<folder>yolo_anno</folder>
	<filename>171.jpg</filename>
	<path>/Users/allison.xiaxin.shen/Documents/Project/UAV_CV_thermal/UAV/Model/train_image_folder/171.jpg</path>
	<source>
		<database>Unknown</database>
	</source>
	<size>
		<width>6000</width>
		<height>4000</height>
		<depth>3</depth>
	</size>
	<segmented>0</segmented>
	<object>
		<name>person</name>
		<pose>Unspecified</pose>
		<truncated>0</truncated>
		<difficult>0</difficult>
		<bndbox>
			<xmin>2694</xmin>
			<ymin>1192</ymin>
			<xmax>2843</xmax>
			<ymax>1498</ymax>
		</bndbox>
	</object>
	<object>
		<name>person</name>
		<pose>Unspecified</pose>
		<truncated>0</truncated>
		<difficult>0</difficult>
		<bndbox>
			<xmin>2788</xmin>
			<ymin>949</ymin>
			<xmax>3007</xmax>
			<ymax>1364</ymax>
		</bndbox>
	</object>
	<object>
		<name>person</name>
		<pose>Unspecified</pose>
		<truncated>0</truncated>
		<difficult>0</difficult>
		<bndbox>
			<xmin>2945</xmin>
			<ymin>1780</ymin>
			<xmax>3258</xmax>
			<ymax>2094</ymax>
		</bndbox>
	</object>
	<object>
		<name>person</name>
		<pose>Unspecified</pose>
		<truncated>0</truncated>
		<difficult>0</difficult>
		<bndbox>
			<xmin>5000</xmin>
			<ymin>2894</ymin>
			<xmax>5321</xmax>
			<ymax>3207</ymax>
		</bndbox>
	</object>
</annotation>
