<annotation>
	<folder>yolo_anno</folder>
	<filename>173.jpg</filename>
	<path>/Users/allison.xiaxin.shen/Documents/Project/UAV_CV_thermal/UAV/Model/train_image_folder/173.jpg</path>
	<source>
		<database>Unknown</database>
	</source>
	<size>
		<width>6000</width>
		<height>4000</height>
		<depth>3</depth>
	</size>
	<segmented>0</segmented>
	<object>
		<name>person</name>
		<pose>Unspecified</pose>
		<truncated>0</truncated>
		<difficult>0</difficult>
		<bndbox>
			<xmin>2749</xmin>
			<ymin>494</ymin>
			<xmax>3054</xmax>
			<ymax>745</ymax>
		</bndbox>
	</object>
	<object>
		<name>person</name>
		<pose>Unspecified</pose>
		<truncated>0</truncated>
		<difficult>0</difficult>
		<bndbox>
			<xmin>2952</xmin>
			<ymin>337</ymin>
			<xmax>3282</xmax>
			<ymax>721</ymax>
		</bndbox>
	</object>
	<object>
		<name>person</name>
		<pose>Unspecified</pose>
		<truncated>0</truncated>
		<difficult>0</difficult>
		<bndbox>
			<xmin>4639</xmin>
			<ymin>2596</ymin>
			<xmax>4976</xmax>
			<ymax>3098</ymax>
		</bndbox>
	</object>
	<object>
		<name>person</name>
		<pose>Unspecified</pose>
		<truncated>0</truncated>
		<difficult>0</difficult>
		<bndbox>
			<xmin>4505</xmin>
			<ymin>1403</ymin>
			<xmax>5101</xmax>
			<ymax>1835</ymax>
		</bndbox>
	</object>
	<object>
		<name>person</name>
		<pose>Unspecified</pose>
		<truncated>0</truncated>
		<difficult>0</difficult>
		<bndbox>
			<xmin>3996</xmin>
			<ymin>1529</ymin>
			<xmax>4474</xmax>
			<ymax>2031</ymax>
		</bndbox>
	</object>
	<object>
		<name>person</name>
		<pose>Unspecified</pose>
		<truncated>0</truncated>
		<difficult>0</difficult>
		<bndbox>
			<xmin>4513</xmin>
			<ymin>933</ymin>
			<xmax>4890</xmax>
			<ymax>1372</ymax>
		</bndbox>
	</object>
</annotation>
