<annotation>
	<folder>yolo_anno</folder>
	<filename>186.jpg</filename>
	<path>/Users/allison.xiaxin.shen/Documents/Project/UAV_CV_thermal/UAV/Model/train_image_folder/186.jpg</path>
	<source>
		<database>Unknown</database>
	</source>
	<size>
		<width>6000</width>
		<height>4000</height>
		<depth>3</depth>
	</size>
	<segmented>0</segmented>
	<object>
		<name>person</name>
		<pose>Unspecified</pose>
		<truncated>0</truncated>
		<difficult>0</difficult>
		<bndbox>
			<xmin>4458</xmin>
			<ymin>2415</ymin>
			<xmax>5086</xmax>
			<ymax>3199</ymax>
		</bndbox>
	</object>
	<object>
		<name>person</name>
		<pose>Unspecified</pose>
		<truncated>0</truncated>
		<difficult>0</difficult>
		<bndbox>
			<xmin>4599</xmin>
			<ymin>3019</ymin>
			<xmax>5149</xmax>
			<ymax>3929</ymax>
		</bndbox>
	</object>
</annotation>
