<annotation>
	<folder>yolo_anno</folder>
	<filename>192.jpg</filename>
	<path>/Users/allison.xiaxin.shen/Documents/Project/UAV_CV_thermal/UAV/Model/train_image_folder/192.jpg</path>
	<source>
		<database>Unknown</database>
	</source>
	<size>
		<width>6000</width>
		<height>4000</height>
		<depth>3</depth>
	</size>
	<segmented>0</segmented>
	<object>
		<name>person</name>
		<pose>Unspecified</pose>
		<truncated>0</truncated>
		<difficult>0</difficult>
		<bndbox>
			<xmin>2882</xmin>
			<ymin>1929</ymin>
			<xmax>3478</xmax>
			<ymax>2407</ymax>
		</bndbox>
	</object>
	<object>
		<name>person</name>
		<pose>Unspecified</pose>
		<truncated>0</truncated>
		<difficult>0</difficult>
		<bndbox>
			<xmin>4215</xmin>
			<ymin>2313</ymin>
			<xmax>4952</xmax>
			<ymax>2941</ymax>
		</bndbox>
	</object>
</annotation>
