<annotation>
	<folder>yolo_anno</folder>
	<filename>202.jpg</filename>
	<path>/Users/allison.xiaxin.shen/Documents/Project/UAV_CV_thermal/UAV/Model/train_image_folder/202.jpg</path>
	<source>
		<database>Unknown</database>
	</source>
	<size>
		<width>6000</width>
		<height>4000</height>
		<depth>3</depth>
	</size>
	<segmented>0</segmented>
	<object>
		<name>person</name>
		<pose>Unspecified</pose>
		<truncated>0</truncated>
		<difficult>0</difficult>
		<bndbox>
			<xmin>3101</xmin>
			<ymin>2909</ymin>
			<xmax>3517</xmax>
			<ymax>3301</ymax>
		</bndbox>
	</object>
	<object>
		<name>person</name>
		<pose>Unspecified</pose>
		<truncated>0</truncated>
		<difficult>0</difficult>
		<bndbox>
			<xmin>3674</xmin>
			<ymin>3513</ymin>
			<xmax>3980</xmax>
			<ymax>3952</ymax>
		</bndbox>
	</object>
	<object>
		<name>person</name>
		<pose>Unspecified</pose>
		<truncated>0</truncated>
		<difficult>0</difficult>
		<bndbox>
			<xmin>3462</xmin>
			<ymin>2266</ymin>
			<xmax>3784</xmax>
			<ymax>2486</ymax>
		</bndbox>
	</object>
	<object>
		<name>person</name>
		<pose>Unspecified</pose>
		<truncated>0</truncated>
		<difficult>0</difficult>
		<bndbox>
			<xmin>3423</xmin>
			<ymin>2439</ymin>
			<xmax>3768</xmax>
			<ymax>2690</ymax>
		</bndbox>
	</object>
	<object>
		<name>person</name>
		<pose>Unspecified</pose>
		<truncated>0</truncated>
		<difficult>0</difficult>
		<bndbox>
			<xmin>4301</xmin>
			<ymin>2203</ymin>
			<xmax>4678</xmax>
			<ymax>2478</ymax>
		</bndbox>
	</object>
	<object>
		<name>person</name>
		<pose>Unspecified</pose>
		<truncated>0</truncated>
		<difficult>0</difficult>
		<bndbox>
			<xmin>4913</xmin>
			<ymin>3003</ymin>
			<xmax>5101</xmax>
			<ymax>3317</ymax>
		</bndbox>
	</object>
	<object>
		<name>person</name>
		<pose>Unspecified</pose>
		<truncated>0</truncated>
		<difficult>0</difficult>
		<bndbox>
			<xmin>4835</xmin>
			<ymin>3066</ymin>
			<xmax>5015</xmax>
			<ymax>3411</ymax>
		</bndbox>
	</object>
	<object>
		<name>person</name>
		<pose>Unspecified</pose>
		<truncated>0</truncated>
		<difficult>0</difficult>
		<bndbox>
			<xmin>4796</xmin>
			<ymin>3419</ymin>
			<xmax>4976</xmax>
			<ymax>3725</ymax>
		</bndbox>
	</object>
	<object>
		<name>person</name>
		<pose>Unspecified</pose>
		<truncated>0</truncated>
		<difficult>0</difficult>
		<bndbox>
			<xmin>4662</xmin>
			<ymin>3286</ymin>
			<xmax>4882</xmax>
			<ymax>3505</ymax>
		</bndbox>
	</object>
	<object>
		<name>person</name>
		<pose>Unspecified</pose>
		<truncated>0</truncated>
		<difficult>0</difficult>
		<bndbox>
			<xmin>5650</xmin>
			<ymin>2619</ymin>
			<xmax>5949</xmax>
			<ymax>2956</ymax>
		</bndbox>
	</object>
</annotation>
