<annotation>
	<folder>yolo_anno</folder>
	<filename>207.jpg</filename>
	<path>/Users/allison.xiaxin.shen/Documents/Project/UAV_CV_thermal/UAV/Model/train_image_folder/207.jpg</path>
	<source>
		<database>Unknown</database>
	</source>
	<size>
		<width>6000</width>
		<height>4000</height>
		<depth>3</depth>
	</size>
	<segmented>0</segmented>
	<object>
		<name>person</name>
		<pose>Unspecified</pose>
		<truncated>0</truncated>
		<difficult>0</difficult>
		<bndbox>
			<xmin>4356</xmin>
			<ymin>1294</ymin>
			<xmax>4505</xmax>
			<ymax>1521</ymax>
		</bndbox>
	</object>
	<object>
		<name>person</name>
		<pose>Unspecified</pose>
		<truncated>0</truncated>
		<difficult>0</difficult>
		<bndbox>
			<xmin>4521</xmin>
			<ymin>1184</ymin>
			<xmax>4819</xmax>
			<ymax>1498</ymax>
		</bndbox>
	</object>
	<object>
		<name>person</name>
		<pose>Unspecified</pose>
		<truncated>0</truncated>
		<difficult>0</difficult>
		<bndbox>
			<xmin>4631</xmin>
			<ymin>1654</ymin>
			<xmax>4850</xmax>
			<ymax>1992</ymax>
		</bndbox>
	</object>
	<object>
		<name>person</name>
		<pose>Unspecified</pose>
		<truncated>0</truncated>
		<difficult>0</difficult>
		<bndbox>
			<xmin>3227</xmin>
			<ymin>2094</ymin>
			<xmax>3627</xmax>
			<ymax>2470</ymax>
		</bndbox>
	</object>
	<object>
		<name>person</name>
		<pose>Unspecified</pose>
		<truncated>0</truncated>
		<difficult>0</difficult>
		<bndbox>
			<xmin>3580</xmin>
			<ymin>1388</ymin>
			<xmax>3800</xmax>
			<ymax>1654</ymax>
		</bndbox>
	</object>
</annotation>
