<annotation>
	<folder>yolo_anno</folder>
	<filename>216.jpg</filename>
	<path>/Users/allison.xiaxin.shen/Documents/Project/UAV_CV_thermal/UAV/Model/train_image_folder/216.jpg</path>
	<source>
		<database>Unknown</database>
	</source>
	<size>
		<width>6000</width>
		<height>4000</height>
		<depth>3</depth>
	</size>
	<segmented>0</segmented>
	<object>
		<name>person</name>
		<pose>Unspecified</pose>
		<truncated>0</truncated>
		<difficult>0</difficult>
		<bndbox>
			<xmin>2623</xmin>
			<ymin>556</ymin>
			<xmax>2843</xmax>
			<ymax>768</ymax>
		</bndbox>
	</object>
	<object>
		<name>person</name>
		<pose>Unspecified</pose>
		<truncated>0</truncated>
		<difficult>0</difficult>
		<bndbox>
			<xmin>2654</xmin>
			<ymin>737</ymin>
			<xmax>2874</xmax>
			<ymax>1058</ymax>
		</bndbox>
	</object>
	<object>
		<name>person</name>
		<pose>Unspecified</pose>
		<truncated>0</truncated>
		<difficult>0</difficult>
		<bndbox>
			<xmin>3172</xmin>
			<ymin>1780</ymin>
			<xmax>3501</xmax>
			<ymax>2101</ymax>
		</bndbox>
	</object>
	<object>
		<name>person</name>
		<pose>Unspecified</pose>
		<truncated>0</truncated>
		<difficult>0</difficult>
		<bndbox>
			<xmin>2796</xmin>
			<ymin>3254</ymin>
			<xmax>3031</xmax>
			<ymax>3756</ymax>
		</bndbox>
	</object>
	<object>
		<name>person</name>
		<pose>Unspecified</pose>
		<truncated>0</truncated>
		<difficult>0</difficult>
		<bndbox>
			<xmin>5156</xmin>
			<ymin>2541</ymin>
			<xmax>5572</xmax>
			<ymax>3090</ymax>
		</bndbox>
	</object>
</annotation>
