<annotation>
	<folder>yolo_anno</folder>
	<filename>225.jpg</filename>
	<path>/Users/allison.xiaxin.shen/Documents/Project/UAV_CV_thermal/UAV/Model/train_image_folder/225.jpg</path>
	<source>
		<database>Unknown</database>
	</source>
	<size>
		<width>6000</width>
		<height>4000</height>
		<depth>3</depth>
	</size>
	<segmented>0</segmented>
	<object>
		<name>person</name>
		<pose>Unspecified</pose>
		<truncated>0</truncated>
		<difficult>0</difficult>
		<bndbox>
			<xmin>2741</xmin>
			<ymin>360</ymin>
			<xmax>3596</xmax>
			<ymax>1294</ymax>
		</bndbox>
	</object>
	<object>
		<name>person</name>
		<pose>Unspecified</pose>
		<truncated>0</truncated>
		<difficult>0</difficult>
		<bndbox>
			<xmin>4513</xmin>
			<ymin>2039</ymin>
			<xmax>5541</xmax>
			<ymax>2572</ymax>
		</bndbox>
	</object>
</annotation>
