<annotation>
	<folder>yolo_anno</folder>
	<filename>226.jpg</filename>
	<path>/Users/allison.xiaxin.shen/Documents/Project/UAV_CV_thermal/UAV/Model/train_image_folder/226.jpg</path>
	<source>
		<database>Unknown</database>
	</source>
	<size>
		<width>6000</width>
		<height>4000</height>
		<depth>3</depth>
	</size>
	<segmented>0</segmented>
	<object>
		<name>person</name>
		<pose>Unspecified</pose>
		<truncated>0</truncated>
		<difficult>0</difficult>
		<bndbox>
			<xmin>3051</xmin>
			<ymin>1370</ymin>
			<xmax>3248</xmax>
			<ymax>1768</ymax>
		</bndbox>
	</object>
	<object>
		<name>person</name>
		<pose>Unspecified</pose>
		<truncated>0</truncated>
		<difficult>0</difficult>
		<bndbox>
			<xmin>2839</xmin>
			<ymin>3478</ymin>
			<xmax>3131</xmax>
			<ymax>3922</ymax>
		</bndbox>
	</object>
	<object>
		<name>person</name>
		<pose>Unspecified</pose>
		<truncated>0</truncated>
		<difficult>0</difficult>
		<bndbox>
			<xmin>2315</xmin>
			<ymin>1039</ymin>
			<xmax>2563</xmax>
			<ymax>1574</ymax>
		</bndbox>
	</object>
	<object>
		<name>person</name>
		<pose>Unspecified</pose>
		<truncated>0</truncated>
		<difficult>0</difficult>
		<bndbox>
			<xmin>3384</xmin>
			<ymin>1466</ymin>
			<xmax>3886</xmax>
			<ymax>1945</ymax>
		</bndbox>
	</object>
	<object>
		<name>person</name>
		<pose>Unspecified</pose>
		<truncated>0</truncated>
		<difficult>0</difficult>
		<bndbox>
			<xmin>3760</xmin>
			<ymin>2258</ymin>
			<xmax>4380</xmax>
			<ymax>2862</ymax>
		</bndbox>
	</object>
	<object>
		<name>person</name>
		<pose>Unspecified</pose>
		<truncated>0</truncated>
		<difficult>0</difficult>
		<bndbox>
			<xmin>4396</xmin>
			<ymin>3317</ymin>
			<xmax>5196</xmax>
			<ymax>3898</ymax>
		</bndbox>
	</object>
</annotation>
