<annotation>
	<folder>yolo_anno</folder>
	<filename>243.jpg</filename>
	<path>/Users/allison.xiaxin.shen/Documents/Project/UAV_CV_thermal/UAV/Model/train_image_folder/243.jpg</path>
	<source>
		<database>Unknown</database>
	</source>
	<size>
		<width>6000</width>
		<height>4000</height>
		<depth>3</depth>
	</size>
	<segmented>0</segmented>
	<object>
		<name>person</name>
		<pose>Unspecified</pose>
		<truncated>0</truncated>
		<difficult>0</difficult>
		<bndbox>
			<xmin>3956</xmin>
			<ymin>1788</ymin>
			<xmax>4403</xmax>
			<ymax>2235</ymax>
		</bndbox>
	</object>
	<object>
		<name>person</name>
		<pose>Unspecified</pose>
		<truncated>0</truncated>
		<difficult>0</difficult>
		<bndbox>
			<xmin>4380</xmin>
			<ymin>2062</ymin>
			<xmax>4741</xmax>
			<ymax>2533</ymax>
		</bndbox>
	</object>
	<object>
		<name>person</name>
		<pose>Unspecified</pose>
		<truncated>0</truncated>
		<difficult>0</difficult>
		<bndbox>
			<xmin>4537</xmin>
			<ymin>2894</ymin>
			<xmax>4913</xmax>
			<ymax>3411</ymax>
		</bndbox>
	</object>
	<object>
		<name>person</name>
		<pose>Unspecified</pose>
		<truncated>0</truncated>
		<difficult>0</difficult>
		<bndbox>
			<xmin>1321</xmin>
			<ymin>2972</ymin>
			<xmax>1917</xmax>
			<ymax>3396</ymax>
		</bndbox>
	</object>
</annotation>
