<annotation>
	<folder>yolo_anno</folder>
	<filename>260.jpg</filename>
	<path>/Users/allison.xiaxin.shen/Documents/Project/UAV_CV_thermal/UAV/Model/train_image_folder/260.jpg</path>
	<source>
		<database>Unknown</database>
	</source>
	<size>
		<width>6000</width>
		<height>4000</height>
		<depth>3</depth>
	</size>
	<segmented>0</segmented>
	<object>
		<name>person</name>
		<pose>Unspecified</pose>
		<truncated>0</truncated>
		<difficult>0</difficult>
		<bndbox>
			<xmin>2435</xmin>
			<ymin>972</ymin>
			<xmax>2749</xmax>
			<ymax>1505</ymax>
		</bndbox>
	</object>
	<object>
		<name>person</name>
		<pose>Unspecified</pose>
		<truncated>0</truncated>
		<difficult>0</difficult>
		<bndbox>
			<xmin>4074</xmin>
			<ymin>556</ymin>
			<xmax>4380</xmax>
			<ymax>1035</ymax>
		</bndbox>
	</object>
	<object>
		<name>person</name>
		<pose>Unspecified</pose>
		<truncated>0</truncated>
		<difficult>0</difficult>
		<bndbox>
			<xmin>5007</xmin>
			<ymin>2713</ymin>
			<xmax>5423</xmax>
			<ymax>3113</ymax>
		</bndbox>
	</object>
	<object>
		<name>person</name>
		<pose>Unspecified</pose>
		<truncated>0</truncated>
		<difficult>0</difficult>
		<bndbox>
			<xmin>5078</xmin>
			<ymin>2039</ymin>
			<xmax>5486</xmax>
			<ymax>2509</ymax>
		</bndbox>
	</object>
</annotation>
