<annotation>
	<folder>yolo_anno</folder>
	<filename>261.jpg</filename>
	<path>/Users/allison.xiaxin.shen/Documents/Project/UAV_CV_thermal/UAV/Model/train_image_folder/261.jpg</path>
	<source>
		<database>Unknown</database>
	</source>
	<size>
		<width>6000</width>
		<height>4000</height>
		<depth>3</depth>
	</size>
	<segmented>0</segmented>
	<object>
		<name>person</name>
		<pose>Unspecified</pose>
		<truncated>0</truncated>
		<difficult>0</difficult>
		<bndbox>
			<xmin>2617</xmin>
			<ymin>43</ymin>
			<xmax>3233</xmax>
			<ymax>489</ymax>
		</bndbox>
	</object>
	<object>
		<name>person</name>
		<pose>Unspecified</pose>
		<truncated>0</truncated>
		<difficult>0</difficult>
		<bndbox>
			<xmin>3375</xmin>
			<ymin>814</ymin>
			<xmax>3679</xmax>
			<ymax>1076</ymax>
		</bndbox>
	</object>
	<object>
		<name>person</name>
		<pose>Unspecified</pose>
		<truncated>0</truncated>
		<difficult>0</difficult>
		<bndbox>
			<xmin>2780</xmin>
			<ymin>1409</ymin>
			<xmax>3169</xmax>
			<ymax>1911</ymax>
		</bndbox>
	</object>
	<object>
		<name>person</name>
		<pose>Unspecified</pose>
		<truncated>0</truncated>
		<difficult>0</difficult>
		<bndbox>
			<xmin>4132</xmin>
			<ymin>1472</ymin>
			<xmax>4471</xmax>
			<ymax>1989</ymax>
		</bndbox>
	</object>
	<object>
		<name>person</name>
		<pose>Unspecified</pose>
		<truncated>0</truncated>
		<difficult>0</difficult>
		<bndbox>
			<xmin>4492</xmin>
			<ymin>2420</ymin>
			<xmax>4981</xmax>
			<ymax>2852</ymax>
		</bndbox>
	</object>
	<object>
		<name>person</name>
		<pose>Unspecified</pose>
		<truncated>0</truncated>
		<difficult>0</difficult>
		<bndbox>
			<xmin>4945</xmin>
			<ymin>3178</ymin>
			<xmax>5271</xmax>
			<ymax>3404</ymax>
		</bndbox>
	</object>
	<object>
		<name>person</name>
		<pose>Unspecified</pose>
		<truncated>1</truncated>
		<difficult>0</difficult>
		<bndbox>
			<xmin>4047</xmin>
			<ymin>3722</ymin>
			<xmax>4563</xmax>
			<ymax>4000</ymax>
		</bndbox>
	</object>
</annotation>
