<annotation>
	<folder>yolo_anno</folder>
	<filename>273.jpg</filename>
	<path>/Users/allison.xiaxin.shen/Documents/Project/UAV_CV_thermal/UAV/Model/train_image_folder/273.jpg</path>
	<source>
		<database>Unknown</database>
	</source>
	<size>
		<width>6000</width>
		<height>4000</height>
		<depth>3</depth>
	</size>
	<segmented>0</segmented>
	<object>
		<name>person</name>
		<pose>Unspecified</pose>
		<truncated>0</truncated>
		<difficult>0</difficult>
		<bndbox>
			<xmin>2653</xmin>
			<ymin>920</ymin>
			<xmax>3226</xmax>
			<ymax>1798</ymax>
		</bndbox>
	</object>
	<object>
		<name>person</name>
		<pose>Unspecified</pose>
		<truncated>0</truncated>
		<difficult>0</difficult>
		<bndbox>
			<xmin>3183</xmin>
			<ymin>418</ymin>
			<xmax>3629</xmax>
			<ymax>1175</ymax>
		</bndbox>
	</object>
	<object>
		<name>person</name>
		<pose>Unspecified</pose>
		<truncated>0</truncated>
		<difficult>0</difficult>
		<bndbox>
			<xmin>4018</xmin>
			<ymin>0</ymin>
			<xmax>4867</xmax>
			<ymax>666</ymax>
		</bndbox>
	</object>
	<object>
		<name>person</name>
		<pose>Unspecified</pose>
		<truncated>0</truncated>
		<difficult>0</difficult>
		<bndbox>
			<xmin>3990</xmin>
			<ymin>1034</ymin>
			<xmax>4648</xmax>
			<ymax>2017</ymax>
		</bndbox>
	</object>
	<object>
		<name>person</name>
		<pose>Unspecified</pose>
		<truncated>0</truncated>
		<difficult>0</difficult>
		<bndbox>
			<xmin>2794</xmin>
			<ymin>2420</ymin>
			<xmax>3679</xmax>
			<ymax>3142</ymax>
		</bndbox>
	</object>
</annotation>
