<annotation>
	<folder>yolo_anno</folder>
	<filename>298.jpg</filename>
	<path>/Users/allison.xiaxin.shen/Documents/Project/UAV_CV_thermal/UAV/Model/train_image_folder/298.jpg</path>
	<source>
		<database>Unknown</database>
	</source>
	<size>
		<width>6000</width>
		<height>4000</height>
		<depth>3</depth>
	</size>
	<segmented>0</segmented>
	<object>
		<name>person</name>
		<pose>Unspecified</pose>
		<truncated>0</truncated>
		<difficult>0</difficult>
		<bndbox>
			<xmin>4867</xmin>
			<ymin>333</ymin>
			<xmax>5306</xmax>
			<ymax>715</ymax>
		</bndbox>
	</object>
	<object>
		<name>person</name>
		<pose>Unspecified</pose>
		<truncated>0</truncated>
		<difficult>0</difficult>
		<bndbox>
			<xmin>4471</xmin>
			<ymin>680</ymin>
			<xmax>4775</xmax>
			<ymax>991</ymax>
		</bndbox>
	</object>
	<object>
		<name>person</name>
		<pose>Unspecified</pose>
		<truncated>0</truncated>
		<difficult>0</difficult>
		<bndbox>
			<xmin>4365</xmin>
			<ymin>1387</ymin>
			<xmax>4641</xmax>
			<ymax>1628</ymax>
		</bndbox>
	</object>
	<object>
		<name>person</name>
		<pose>Unspecified</pose>
		<truncated>0</truncated>
		<difficult>0</difficult>
		<bndbox>
			<xmin>5533</xmin>
			<ymin>800</ymin>
			<xmax>5766</xmax>
			<ymax>1041</ymax>
		</bndbox>
	</object>
	<object>
		<name>person</name>
		<pose>Unspecified</pose>
		<truncated>0</truncated>
		<difficult>0</difficult>
		<bndbox>
			<xmin>5412</xmin>
			<ymin>1232</ymin>
			<xmax>5731</xmax>
			<ymax>1451</ymax>
		</bndbox>
	</object>
</annotation>
