<annotation>
	<folder>yolo_anno</folder>
	<filename>302.jpg</filename>
	<path>/Users/allison.xiaxin.shen/Documents/Project/UAV_CV_thermal/UAV/Model/train_image_folder/302.jpg</path>
	<source>
		<database>Unknown</database>
	</source>
	<size>
		<width>6000</width>
		<height>4000</height>
		<depth>3</depth>
	</size>
	<segmented>0</segmented>
	<object>
		<name>person</name>
		<pose>Unspecified</pose>
		<truncated>0</truncated>
		<difficult>0</difficult>
		<bndbox>
			<xmin>3000</xmin>
			<ymin>1883</ymin>
			<xmax>3445</xmax>
			<ymax>2336</ymax>
		</bndbox>
	</object>
	<object>
		<name>person</name>
		<pose>Unspecified</pose>
		<truncated>0</truncated>
		<difficult>0</difficult>
		<bndbox>
			<xmin>3261</xmin>
			<ymin>3284</ymin>
			<xmax>3636</xmax>
			<ymax>3666</ymax>
		</bndbox>
	</object>
	<object>
		<name>person</name>
		<pose>Unspecified</pose>
		<truncated>0</truncated>
		<difficult>0</difficult>
		<bndbox>
			<xmin>4132</xmin>
			<ymin>772</ymin>
			<xmax>4641</xmax>
			<ymax>1168</ymax>
		</bndbox>
	</object>
	<object>
		<name>person</name>
		<pose>Unspecified</pose>
		<truncated>0</truncated>
		<difficult>0</difficult>
		<bndbox>
			<xmin>5313</xmin>
			<ymin>383</ymin>
			<xmax>5886</xmax>
			<ymax>977</ymax>
		</bndbox>
	</object>
	<object>
		<name>person</name>
		<pose>Unspecified</pose>
		<truncated>0</truncated>
		<difficult>0</difficult>
		<bndbox>
			<xmin>5285</xmin>
			<ymin>1175</ymin>
			<xmax>5688</xmax>
			<ymax>1522</ymax>
		</bndbox>
	</object>
</annotation>
