<annotation>
	<folder>yolo_anno</folder>
	<filename>320.jpg</filename>
	<path>/Users/allison.xiaxin.shen/Documents/Project/UAV_CV_thermal/UAV/Model/train_image_folder/320.jpg</path>
	<source>
		<database>Unknown</database>
	</source>
	<size>
		<width>6000</width>
		<height>4000</height>
		<depth>3</depth>
	</size>
	<segmented>0</segmented>
	<object>
		<name>person</name>
		<pose>Unspecified</pose>
		<truncated>0</truncated>
		<difficult>0</difficult>
		<bndbox>
			<xmin>3325</xmin>
			<ymin>2661</ymin>
			<xmax>3771</xmax>
			<ymax>3185</ymax>
		</bndbox>
	</object>
	<object>
		<name>person</name>
		<pose>Unspecified</pose>
		<truncated>0</truncated>
		<difficult>0</difficult>
		<bndbox>
			<xmin>4139</xmin>
			<ymin>2505</ymin>
			<xmax>4507</xmax>
			<ymax>2930</ymax>
		</bndbox>
	</object>
</annotation>
