<annotation>
	<folder>yolo_anno</folder>
	<filename>321.jpg</filename>
	<path>/Users/allison.xiaxin.shen/Documents/Project/UAV_CV_thermal/UAV/Model/train_image_folder/321.jpg</path>
	<source>
		<database>Unknown</database>
	</source>
	<size>
		<width>6000</width>
		<height>4000</height>
		<depth>3</depth>
	</size>
	<segmented>0</segmented>
	<object>
		<name>person</name>
		<pose>Unspecified</pose>
		<truncated>0</truncated>
		<difficult>0</difficult>
		<bndbox>
			<xmin>4061</xmin>
			<ymin>156</ymin>
			<xmax>4995</xmax>
			<ymax>1104</ymax>
		</bndbox>
	</object>
	<object>
		<name>person</name>
		<pose>Unspecified</pose>
		<truncated>0</truncated>
		<difficult>0</difficult>
		<bndbox>
			<xmin>4096</xmin>
			<ymin>1288</ymin>
			<xmax>5150</xmax>
			<ymax>1854</ymax>
		</bndbox>
	</object>
</annotation>
