<annotation>
	<folder>yolo_anno</folder>
	<filename>342.jpg</filename>
	<path>/Users/allison.xiaxin.shen/Documents/Project/UAV_CV_thermal/UAV/Model/train_image_folder/342.jpg</path>
	<source>
		<database>Unknown</database>
	</source>
	<size>
		<width>6000</width>
		<height>4000</height>
		<depth>3</depth>
	</size>
	<segmented>0</segmented>
	<object>
		<name>person</name>
		<pose>Unspecified</pose>
		<truncated>0</truncated>
		<difficult>0</difficult>
		<bndbox>
			<xmin>2978</xmin>
			<ymin>1968</ymin>
			<xmax>3191</xmax>
			<ymax>2385</ymax>
		</bndbox>
	</object>
</annotation>
