<annotation>
	<folder>yolo_anno</folder>
	<filename>367.jpg</filename>
	<path>/Users/allison.xiaxin.shen/Documents/Project/UAV_CV_thermal/UAV/Model/train_image_folder/367.jpg</path>
	<source>
		<database>Unknown</database>
	</source>
	<size>
		<width>6000</width>
		<height>4000</height>
		<depth>3</depth>
	</size>
	<segmented>0</segmented>
	<object>
		<name>person</name>
		<pose>Unspecified</pose>
		<truncated>0</truncated>
		<difficult>0</difficult>
		<bndbox>
			<xmin>3941</xmin>
			<ymin>1260</ymin>
			<xmax>4259</xmax>
			<ymax>1628</ymax>
		</bndbox>
	</object>
	<object>
		<name>person</name>
		<pose>Unspecified</pose>
		<truncated>0</truncated>
		<difficult>0</difficult>
		<bndbox>
			<xmin>3537</xmin>
			<ymin>2817</ymin>
			<xmax>4167</xmax>
			<ymax>3156</ymax>
		</bndbox>
	</object>
	<object>
		<name>person</name>
		<pose>Unspecified</pose>
		<truncated>0</truncated>
		<difficult>0</difficult>
		<bndbox>
			<xmin>4372</xmin>
			<ymin>2215</ymin>
			<xmax>4882</xmax>
			<ymax>2527</ymax>
		</bndbox>
	</object>
	<object>
		<name>person</name>
		<pose>Unspecified</pose>
		<truncated>0</truncated>
		<difficult>0</difficult>
		<bndbox>
			<xmin>4287</xmin>
			<ymin>1663</ymin>
			<xmax>4556</xmax>
			<ymax>1890</ymax>
		</bndbox>
	</object>
	<object>
		<name>person</name>
		<pose>Unspecified</pose>
		<truncated>0</truncated>
		<difficult>0</difficult>
		<bndbox>
			<xmin>4450</xmin>
			<ymin>1854</ymin>
			<xmax>4754</xmax>
			<ymax>2159</ymax>
		</bndbox>
	</object>
</annotation>
