<annotation>
	<folder>yolo_anno</folder>
	<filename>376.jpg</filename>
	<path>/Users/allison.xiaxin.shen/Documents/Project/UAV_CV_thermal/UAV/Model/train_image_folder/376.jpg</path>
	<source>
		<database>Unknown</database>
	</source>
	<size>
		<width>6000</width>
		<height>4000</height>
		<depth>3</depth>
	</size>
	<segmented>0</segmented>
	<object>
		<name>person</name>
		<pose>Unspecified</pose>
		<truncated>0</truncated>
		<difficult>0</difficult>
		<bndbox>
			<xmin>1889</xmin>
			<ymin>1628</ymin>
			<xmax>2179</xmax>
			<ymax>1982</ymax>
		</bndbox>
	</object>
	<object>
		<name>person</name>
		<pose>Unspecified</pose>
		<truncated>0</truncated>
		<difficult>0</difficult>
		<bndbox>
			<xmin>4669</xmin>
			<ymin>2774</ymin>
			<xmax>5030</xmax>
			<ymax>3170</ymax>
		</bndbox>
	</object>
	<object>
		<name>person</name>
		<pose>Unspecified</pose>
		<truncated>0</truncated>
		<difficult>0</difficult>
		<bndbox>
			<xmin>4584</xmin>
			<ymin>3036</ymin>
			<xmax>4839</xmax>
			<ymax>3298</ymax>
		</bndbox>
	</object>
	<object>
		<name>person</name>
		<pose>Unspecified</pose>
		<truncated>0</truncated>
		<difficult>0</difficult>
		<bndbox>
			<xmin>4358</xmin>
			<ymin>3015</ymin>
			<xmax>4599</xmax>
			<ymax>3312</ymax>
		</bndbox>
	</object>
	<object>
		<name>person</name>
		<pose>Unspecified</pose>
		<truncated>0</truncated>
		<difficult>0</difficult>
		<bndbox>
			<xmin>4167</xmin>
			<ymin>2944</ymin>
			<xmax>4429</xmax>
			<ymax>3347</ymax>
		</bndbox>
	</object>
</annotation>
