<annotation>
	<folder>yolo_anno</folder>
	<filename>378.jpg</filename>
	<path>/Users/allison.xiaxin.shen/Documents/Project/UAV_CV_thermal/UAV/Model/train_image_folder/378.jpg</path>
	<source>
		<database>Unknown</database>
	</source>
	<size>
		<width>6000</width>
		<height>4000</height>
		<depth>3</depth>
	</size>
	<segmented>0</segmented>
	<object>
		<name>person</name>
		<pose>Unspecified</pose>
		<truncated>0</truncated>
		<difficult>0</difficult>
		<bndbox>
			<xmin>3367</xmin>
			<ymin>206</ymin>
			<xmax>3806</xmax>
			<ymax>560</ymax>
		</bndbox>
	</object>
	<object>
		<name>person</name>
		<pose>Unspecified</pose>
		<truncated>0</truncated>
		<difficult>0</difficult>
		<bndbox>
			<xmin>4669</xmin>
			<ymin>1515</ymin>
			<xmax>5037</xmax>
			<ymax>1847</ymax>
		</bndbox>
	</object>
	<object>
		<name>person</name>
		<pose>Unspecified</pose>
		<truncated>0</truncated>
		<difficult>0</difficult>
		<bndbox>
			<xmin>4825</xmin>
			<ymin>2640</ymin>
			<xmax>5242</xmax>
			<ymax>2930</ymax>
		</bndbox>
	</object>
</annotation>
