<annotation>
	<folder>yolo_anno</folder>
	<filename>391.jpg</filename>
	<path>/Users/allison.xiaxin.shen/Documents/Project/UAV_CV_thermal/UAV/Model/train_image_folder/391.jpg</path>
	<source>
		<database>Unknown</database>
	</source>
	<size>
		<width>6000</width>
		<height>4000</height>
		<depth>3</depth>
	</size>
	<segmented>0</segmented>
	<object>
		<name>person</name>
		<pose>Unspecified</pose>
		<truncated>0</truncated>
		<difficult>0</difficult>
		<bndbox>
			<xmin>3113</xmin>
			<ymin>234</ymin>
			<xmax>3580</xmax>
			<ymax>751</ymax>
		</bndbox>
	</object>
	<object>
		<name>person</name>
		<pose>Unspecified</pose>
		<truncated>0</truncated>
		<difficult>0</difficult>
		<bndbox>
			<xmin>3877</xmin>
			<ymin>298</ymin>
			<xmax>4386</xmax>
			<ymax>729</ymax>
		</bndbox>
	</object>
	<object>
		<name>person</name>
		<pose>Unspecified</pose>
		<truncated>0</truncated>
		<difficult>0</difficult>
		<bndbox>
			<xmin>4556</xmin>
			<ymin>1062</ymin>
			<xmax>4938</xmax>
			<ymax>1628</ymax>
		</bndbox>
	</object>
	<object>
		<name>person</name>
		<pose>Unspecified</pose>
		<truncated>0</truncated>
		<difficult>0</difficult>
		<bndbox>
			<xmin>4415</xmin>
			<ymin>3185</ymin>
			<xmax>4825</xmax>
			<ymax>3779</ymax>
		</bndbox>
	</object>
	<object>
		<name>person</name>
		<pose>Unspecified</pose>
		<truncated>0</truncated>
		<difficult>0</difficult>
		<bndbox>
			<xmin>4740</xmin>
			<ymin>3156</ymin>
			<xmax>5165</xmax>
			<ymax>3623</ymax>
		</bndbox>
	</object>
	<object>
		<name>person</name>
		<pose>Unspecified</pose>
		<truncated>0</truncated>
		<difficult>0</difficult>
		<bndbox>
			<xmin>4103</xmin>
			<ymin>1430</ymin>
			<xmax>4500</xmax>
			<ymax>1713</ymax>
		</bndbox>
	</object>
	<object>
		<name>person</name>
		<pose>Unspecified</pose>
		<truncated>0</truncated>
		<difficult>0</difficult>
		<bndbox>
			<xmin>4202</xmin>
			<ymin>1119</ymin>
			<xmax>4514</xmax>
			<ymax>1409</ymax>
		</bndbox>
	</object>
</annotation>
