<annotation>
	<folder>yolo_anno</folder>
	<filename>411.jpg</filename>
	<path>/Users/allison.xiaxin.shen/Documents/Project/UAV_CV_thermal/UAV/Model/train_image_folder/411.jpg</path>
	<source>
		<database>Unknown</database>
	</source>
	<size>
		<width>6000</width>
		<height>4000</height>
		<depth>3</depth>
	</size>
	<segmented>0</segmented>
	<object>
		<name>person</name>
		<pose>Unspecified</pose>
		<truncated>0</truncated>
		<difficult>0</difficult>
		<bndbox>
			<xmin>3077</xmin>
			<ymin>913</ymin>
			<xmax>3481</xmax>
			<ymax>1387</ymax>
		</bndbox>
	</object>
	<object>
		<name>person</name>
		<pose>Unspecified</pose>
		<truncated>0</truncated>
		<difficult>0</difficult>
		<bndbox>
			<xmin>4047</xmin>
			<ymin>652</ymin>
			<xmax>4422</xmax>
			<ymax>1112</ymax>
		</bndbox>
	</object>
	<object>
		<name>person</name>
		<pose>Unspecified</pose>
		<truncated>0</truncated>
		<difficult>0</difficult>
		<bndbox>
			<xmin>3990</xmin>
			<ymin>1204</ymin>
			<xmax>4507</xmax>
			<ymax>1536</ymax>
		</bndbox>
	</object>
</annotation>
