<annotation>
	<folder>yolo_anno</folder>
	<filename>421.jpg</filename>
	<path>/Users/allison.xiaxin.shen/Documents/Project/UAV_CV_thermal/UAV/Model/train_image_folder/421.jpg</path>
	<source>
		<database>Unknown</database>
	</source>
	<size>
		<width>6000</width>
		<height>4000</height>
		<depth>3</depth>
	</size>
	<segmented>0</segmented>
	<object>
		<name>person</name>
		<pose>Unspecified</pose>
		<truncated>0</truncated>
		<difficult>0</difficult>
		<bndbox>
			<xmin>1167</xmin>
			<ymin>1345</ymin>
			<xmax>1556</xmax>
			<ymax>1656</ymax>
		</bndbox>
	</object>
	<object>
		<name>person</name>
		<pose>Unspecified</pose>
		<truncated>0</truncated>
		<difficult>0</difficult>
		<bndbox>
			<xmin>3374</xmin>
			<ymin>2300</ymin>
			<xmax>3686</xmax>
			<ymax>2562</ymax>
		</bndbox>
	</object>
	<object>
		<name>person</name>
		<pose>Unspecified</pose>
		<truncated>0</truncated>
		<difficult>0</difficult>
		<bndbox>
			<xmin>3332</xmin>
			<ymin>2562</ymin>
			<xmax>3643</xmax>
			<ymax>2746</ymax>
		</bndbox>
	</object>
	<object>
		<name>person</name>
		<pose>Unspecified</pose>
		<truncated>0</truncated>
		<difficult>0</difficult>
		<bndbox>
			<xmin>4174</xmin>
			<ymin>2803</ymin>
			<xmax>4485</xmax>
			<ymax>3071</ymax>
		</bndbox>
	</object>
	<object>
		<name>person</name>
		<pose>Unspecified</pose>
		<truncated>0</truncated>
		<difficult>0</difficult>
		<bndbox>
			<xmin>4386</xmin>
			<ymin>2640</ymin>
			<xmax>4698</xmax>
			<ymax>2916</ymax>
		</bndbox>
	</object>
</annotation>
