<annotation>
	<folder>yolo_anno</folder>
	<filename>457.jpg</filename>
	<path>/Users/allison.xiaxin.shen/Documents/Project/UAV_CV_thermal/UAV/Model/train_image_folder/457.jpg</path>
	<source>
		<database>Unknown</database>
	</source>
	<size>
		<width>6000</width>
		<height>4000</height>
		<depth>3</depth>
	</size>
	<segmented>0</segmented>
	<object>
		<name>person</name>
		<pose>Unspecified</pose>
		<truncated>0</truncated>
		<difficult>0</difficult>
		<bndbox>
			<xmin>3424</xmin>
			<ymin>2173</ymin>
			<xmax>3877</xmax>
			<ymax>2675</ymax>
		</bndbox>
	</object>
	<object>
		<name>person</name>
		<pose>Unspecified</pose>
		<truncated>0</truncated>
		<difficult>0</difficult>
		<bndbox>
			<xmin>4577</xmin>
			<ymin>2880</ymin>
			<xmax>5292</xmax>
			<ymax>3270</ymax>
		</bndbox>
	</object>
</annotation>
