<annotation>
	<folder>yolo_anno</folder>
	<filename>460.jpg</filename>
	<path>/Users/allison.xiaxin.shen/Documents/Project/UAV_CV_thermal/UAV/Model/train_image_folder/460.jpg</path>
	<source>
		<database>Unknown</database>
	</source>
	<size>
		<width>6000</width>
		<height>4000</height>
		<depth>3</depth>
	</size>
	<segmented>0</segmented>
	<object>
		<name>person</name>
		<pose>Unspecified</pose>
		<truncated>0</truncated>
		<difficult>0</difficult>
		<bndbox>
			<xmin>2660</xmin>
			<ymin>1465</ymin>
			<xmax>2936</xmax>
			<ymax>1734</ymax>
		</bndbox>
	</object>
	<object>
		<name>person</name>
		<pose>Unspecified</pose>
		<truncated>0</truncated>
		<difficult>0</difficult>
		<bndbox>
			<xmin>2412</xmin>
			<ymin>1635</ymin>
			<xmax>2716</xmax>
			<ymax>1876</ymax>
		</bndbox>
	</object>
	<object>
		<name>person</name>
		<pose>Unspecified</pose>
		<truncated>0</truncated>
		<difficult>0</difficult>
		<bndbox>
			<xmin>3792</xmin>
			<ymin>2838</ymin>
			<xmax>4004</xmax>
			<ymax>3178</ymax>
		</bndbox>
	</object>
	<object>
		<name>person</name>
		<pose>Unspecified</pose>
		<truncated>0</truncated>
		<difficult>0</difficult>
		<bndbox>
			<xmin>4216</xmin>
			<ymin>2215</ymin>
			<xmax>4514</xmax>
			<ymax>2463</ymax>
		</bndbox>
	</object>
	<object>
		<name>person</name>
		<pose>Unspecified</pose>
		<truncated>0</truncated>
		<difficult>0</difficult>
		<bndbox>
			<xmin>4294</xmin>
			<ymin>2590</ymin>
			<xmax>4634</xmax>
			<ymax>2944</ymax>
		</bndbox>
	</object>
</annotation>
