<annotation>
	<folder>yolo_anno</folder>
	<filename>493.jpg</filename>
	<path>/Users/allison.xiaxin.shen/Documents/Project/UAV_CV_thermal/UAV/Model/train_image_folder/493.jpg</path>
	<source>
		<database>Unknown</database>
	</source>
	<size>
		<width>6000</width>
		<height>4000</height>
		<depth>3</depth>
	</size>
	<segmented>0</segmented>
	<object>
		<name>person</name>
		<pose>Unspecified</pose>
		<truncated>0</truncated>
		<difficult>0</difficult>
		<bndbox>
			<xmin>4294</xmin>
			<ymin>2413</ymin>
			<xmax>5122</xmax>
			<ymax>3213</ymax>
		</bndbox>
	</object>
	<object>
		<name>person</name>
		<pose>Unspecified</pose>
		<truncated>0</truncated>
		<difficult>0</difficult>
		<bndbox>
			<xmin>4471</xmin>
			<ymin>793</ymin>
			<xmax>5122</xmax>
			<ymax>1430</ymax>
		</bndbox>
	</object>
</annotation>
