<annotation>
	<folder>yolo_anno</folder>
	<filename>502.jpg</filename>
	<path>/Users/allison.xiaxin.shen/Documents/Project/UAV_CV_thermal/UAV/Model/train_image_folder/502.jpg</path>
	<source>
		<database>Unknown</database>
	</source>
	<size>
		<width>6000</width>
		<height>4000</height>
		<depth>3</depth>
	</size>
	<segmented>0</segmented>
	<object>
		<name>person</name>
		<pose>Unspecified</pose>
		<truncated>0</truncated>
		<difficult>0</difficult>
		<bndbox>
			<xmin>2016</xmin>
			<ymin>1904</ymin>
			<xmax>2653</xmax>
			<ymax>2265</ymax>
		</bndbox>
	</object>
	<object>
		<name>person</name>
		<pose>Unspecified</pose>
		<truncated>0</truncated>
		<difficult>0</difficult>
		<bndbox>
			<xmin>2115</xmin>
			<ymin>0</ymin>
			<xmax>2596</xmax>
			<ymax>517</ymax>
		</bndbox>
	</object>
	<object>
		<name>person</name>
		<pose>Unspecified</pose>
		<truncated>0</truncated>
		<difficult>0</difficult>
		<bndbox>
			<xmin>4160</xmin>
			<ymin>277</ymin>
			<xmax>4740</xmax>
			<ymax>1048</ymax>
		</bndbox>
	</object>
	<object>
		<name>person</name>
		<pose>Unspecified</pose>
		<truncated>0</truncated>
		<difficult>0</difficult>
		<bndbox>
			<xmin>4018</xmin>
			<ymin>1762</ymin>
			<xmax>4662</xmax>
			<ymax>2180</ymax>
		</bndbox>
	</object>
</annotation>
