<annotation>
	<folder>yolo_anno</folder>
	<filename>521.jpg</filename>
	<path>/Users/allison.xiaxin.shen/Documents/Project/UAV_CV_thermal/UAV/Model/train_image_folder/521.jpg</path>
	<source>
		<database>Unknown</database>
	</source>
	<size>
		<width>6000</width>
		<height>4000</height>
		<depth>3</depth>
	</size>
	<segmented>0</segmented>
	<object>
		<name>person</name>
		<pose>Unspecified</pose>
		<truncated>0</truncated>
		<difficult>0</difficult>
		<bndbox>
			<xmin>3141</xmin>
			<ymin>2951</ymin>
			<xmax>4464</xmax>
			<ymax>3999</ymax>
		</bndbox>
	</object>
	<object>
		<name>person</name>
		<pose>Unspecified</pose>
		<truncated>0</truncated>
		<difficult>0</difficult>
		<bndbox>
			<xmin>4294</xmin>
			<ymin>0</ymin>
			<xmax>5915</xmax>
			<ymax>1097</ymax>
		</bndbox>
	</object>
</annotation>
