<annotation>
	<folder>yolo_anno</folder>
	<filename>568.jpg</filename>
	<path>/Users/allison.xiaxin.shen/Documents/Project/UAV_CV_thermal/UAV/Model/train_image_folder/568.jpg</path>
	<source>
		<database>Unknown</database>
	</source>
	<size>
		<width>6000</width>
		<height>4000</height>
		<depth>3</depth>
	</size>
	<segmented>0</segmented>
	<object>
		<name>person</name>
		<pose>Unspecified</pose>
		<truncated>0</truncated>
		<difficult>0</difficult>
		<bndbox>
			<xmin>580</xmin>
			<ymin>1692</ymin>
			<xmax>1436</xmax>
			<ymax>2336</ymax>
		</bndbox>
	</object>
	<object>
		<name>person</name>
		<pose>Unspecified</pose>
		<truncated>0</truncated>
		<difficult>0</difficult>
		<bndbox>
			<xmin>3084</xmin>
			<ymin>567</ymin>
			<xmax>3558</xmax>
			<ymax>1161</ymax>
		</bndbox>
	</object>
	<object>
		<name>person</name>
		<pose>Unspecified</pose>
		<truncated>0</truncated>
		<difficult>0</difficult>
		<bndbox>
			<xmin>3785</xmin>
			<ymin>0</ymin>
			<xmax>4174</xmax>
			<ymax>786</ymax>
		</bndbox>
	</object>
	<object>
		<name>person</name>
		<pose>Unspecified</pose>
		<truncated>0</truncated>
		<difficult>0</difficult>
		<bndbox>
			<xmin>4117</xmin>
			<ymin>114</ymin>
			<xmax>4634</xmax>
			<ymax>793</ymax>
		</bndbox>
	</object>
	<object>
		<name>person</name>
		<pose>Unspecified</pose>
		<truncated>0</truncated>
		<difficult>0</difficult>
		<bndbox>
			<xmin>4301</xmin>
			<ymin>722</ymin>
			<xmax>4775</xmax>
			<ymax>1232</ymax>
		</bndbox>
	</object>
	<object>
		<name>person</name>
		<pose>Unspecified</pose>
		<truncated>0</truncated>
		<difficult>0</difficult>
		<bndbox>
			<xmin>4599</xmin>
			<ymin>1762</ymin>
			<xmax>5250</xmax>
			<ymax>2194</ymax>
		</bndbox>
	</object>
</annotation>
