<annotation>
	<folder>yolo_anno</folder>
	<filename>576.jpg</filename>
	<path>/Users/allison.xiaxin.shen/Documents/Project/UAV_CV_thermal/UAV/Model/train_image_folder/576.jpg</path>
	<source>
		<database>Unknown</database>
	</source>
	<size>
		<width>6000</width>
		<height>4000</height>
		<depth>3</depth>
	</size>
	<segmented>0</segmented>
	<object>
		<name>person</name>
		<pose>Unspecified</pose>
		<truncated>0</truncated>
		<difficult>0</difficult>
		<bndbox>
			<xmin>3424</xmin>
			<ymin>439</ymin>
			<xmax>3827</xmax>
			<ymax>977</ymax>
		</bndbox>
	</object>
	<object>
		<name>person</name>
		<pose>Unspecified</pose>
		<truncated>0</truncated>
		<difficult>0</difficult>
		<bndbox>
			<xmin>3424</xmin>
			<ymin>1112</ymin>
			<xmax>3863</xmax>
			<ymax>1479</ymax>
		</bndbox>
	</object>
	<object>
		<name>person</name>
		<pose>Unspecified</pose>
		<truncated>0</truncated>
		<difficult>0</difficult>
		<bndbox>
			<xmin>3169</xmin>
			<ymin>1543</ymin>
			<xmax>3608</xmax>
			<ymax>2024</ymax>
		</bndbox>
	</object>
</annotation>
