<annotation>
	<folder>yolo_anno</folder>
	<filename>584.jpg</filename>
	<path>/Users/allison.xiaxin.shen/Documents/Project/UAV_CV_thermal/UAV/Model/train_image_folder/584.jpg</path>
	<source>
		<database>Unknown</database>
	</source>
	<size>
		<width>6000</width>
		<height>4000</height>
		<depth>3</depth>
	</size>
	<segmented>0</segmented>
	<object>
		<name>person</name>
		<pose>Unspecified</pose>
		<truncated>0</truncated>
		<difficult>0</difficult>
		<bndbox>
			<xmin>3155</xmin>
			<ymin>2760</ymin>
			<xmax>3474</xmax>
			<ymax>2987</ymax>
		</bndbox>
	</object>
	<object>
		<name>person</name>
		<pose>Unspecified</pose>
		<truncated>0</truncated>
		<difficult>0</difficult>
		<bndbox>
			<xmin>3679</xmin>
			<ymin>2916</ymin>
			<xmax>3820</xmax>
			<ymax>3100</ymax>
		</bndbox>
	</object>
	<object>
		<name>person</name>
		<pose>Unspecified</pose>
		<truncated>0</truncated>
		<difficult>0</difficult>
		<bndbox>
			<xmin>3742</xmin>
			<ymin>3015</ymin>
			<xmax>3933</xmax>
			<ymax>3149</ymax>
		</bndbox>
	</object>
	<object>
		<name>person</name>
		<pose>Unspecified</pose>
		<truncated>0</truncated>
		<difficult>0</difficult>
		<bndbox>
			<xmin>3658</xmin>
			<ymin>3071</ymin>
			<xmax>3926</xmax>
			<ymax>3284</ymax>
		</bndbox>
	</object>
</annotation>
