<annotation>
	<folder>yolo_anno</folder>
	<filename>588.jpg</filename>
	<path>/Users/allison.xiaxin.shen/Documents/Project/UAV_CV_thermal/UAV/Model/train_image_folder/588.jpg</path>
	<source>
		<database>Unknown</database>
	</source>
	<size>
		<width>6000</width>
		<height>4000</height>
		<depth>3</depth>
	</size>
	<segmented>0</segmented>
	<object>
		<name>person</name>
		<pose>Unspecified</pose>
		<truncated>0</truncated>
		<difficult>0</difficult>
		<bndbox>
			<xmin>3424</xmin>
			<ymin>1628</ymin>
			<xmax>3933</xmax>
			<ymax>2010</ymax>
		</bndbox>
	</object>
	<object>
		<name>person</name>
		<pose>Unspecified</pose>
		<truncated>0</truncated>
		<difficult>0</difficult>
		<bndbox>
			<xmin>4231</xmin>
			<ymin>1805</ymin>
			<xmax>5037</xmax>
			<ymax>2336</ymax>
		</bndbox>
	</object>
	<object>
		<name>person</name>
		<pose>Unspecified</pose>
		<truncated>1</truncated>
		<difficult>0</difficult>
		<bndbox>
			<xmin>5235</xmin>
			<ymin>1204</ymin>
			<xmax>6000</xmax>
			<ymax>1897</ymax>
		</bndbox>
	</object>
</annotation>
