<annotation>
	<folder>yolo_anno</folder>
	<filename>596.jpg</filename>
	<path>/Users/allison.xiaxin.shen/Documents/Project/UAV_CV_thermal/UAV/Model/train_image_folder/596.jpg</path>
	<source>
		<database>Unknown</database>
	</source>
	<size>
		<width>6000</width>
		<height>4000</height>
		<depth>3</depth>
	</size>
	<segmented>0</segmented>
	<object>
		<name>person</name>
		<pose>Unspecified</pose>
		<truncated>0</truncated>
		<difficult>0</difficult>
		<bndbox>
			<xmin>1655</xmin>
			<ymin>2088</ymin>
			<xmax>1981</xmax>
			<ymax>2420</ymax>
		</bndbox>
	</object>
	<object>
		<name>person</name>
		<pose>Unspecified</pose>
		<truncated>0</truncated>
		<difficult>0</difficult>
		<bndbox>
			<xmin>4096</xmin>
			<ymin>2633</ymin>
			<xmax>4344</xmax>
			<ymax>2923</ymax>
		</bndbox>
	</object>
</annotation>
